segment_id,start_utc,end_utc,duration_s,manifest_record_count
0,2024-05-21T23:42:37.043Z,2024-05-21T23:47:04.083Z,267.039999961853,6
1,2024-05-21T23:47:05.000Z,2024-05-21T23:47:05.070Z,0.07000017166137695,1
2,2024-05-21T23:47:06.001Z,2024-05-26T19:32:57.976Z,416751.9741001129,6948
3,2024-05-26T19:38:43.404Z,2024-05-26T19:39:03.122Z,19.717999935150146,1
4,2024-05-26T19:39:03.185Z,2024-05-26T19:43:58.135Z,294.9500000476837,5
5,2024-05-26T19:43:59.000Z,2024-05-26T19:43:59.078Z,0.07800006866455078,1
6,2024-05-26T19:44:00.001Z,2024-05-29T11:16:04.967Z,228724.9660999775,3814
7,2024-05-29T11:21:13.326Z,2024-05-29T11:21:33.164Z,19.838000059127808,1
8,2024-05-29T11:21:33.258Z,2024-05-29T11:26:14.208Z,280.9500000476837,5
9,2024-05-29T11:26:15.000Z,2024-05-29T11:26:15.078Z,0.07800006866455078,1
10,2024-05-29T11:26:16.001Z,2024-05-30T01:31:34.967Z,50718.96599984169,846
11,2024-05-30T01:37:20.053Z,2024-05-30T01:37:39.171Z,19.118000030517578,1
12,2024-05-30T01:37:39.258Z,2024-05-30T01:42:06.208Z,266.9500000476837,5
13,2024-05-30T01:42:07.000Z,2024-05-30T01:42:07.118Z,0.11800003051757812,1
14,2024-05-30T01:42:08.001Z,2024-05-31T16:38:40.927Z,140192.92600011826,2337
15,2024-05-31T16:42:25.565Z,2024-06-05T12:49:25.563Z,418019.99820017815,6969
16,2024-06-05T12:55:23.626Z,2024-06-05T12:55:42.944Z,19.317999839782715,1
17,2024-06-05T12:55:43.006Z,2024-06-05T13:00:41.956Z,298.9500000476837,5
18,2024-06-05T13:00:43.000Z,2024-06-05T13:00:43.078Z,0.07800006866455078,1
19,2024-06-05T13:00:44.002Z,2024-06-05T21:53:44.968Z,31980.96599984169,534
20,2024-06-05T23:27:35.621Z,2024-06-19T12:48:35.620Z,1171259.9985001087,19526
21,2024-06-19T12:54:14.382Z,2024-06-19T12:54:34.140Z,19.757999897003174,1
22,2024-06-19T12:54:34.211Z,2024-06-19T12:59:03.161Z,268.9500000476837,5
23,2024-06-19T12:59:04.000Z,2024-06-19T12:59:04.078Z,0.07800006866455078,1
24,2024-06-19T12:59:05.000Z,2024-06-22T15:15:35.966Z,267390.9661002159,4458
25,2024-06-22T15:21:34.899Z,2024-06-22T15:21:54.297Z,19.39800000190735,1
26,2024-06-22T15:21:54.331Z,2024-06-22T15:26:37.281Z,282.94999980926514,5
27,2024-06-22T15:26:38.000Z,2024-06-22T15:26:38.078Z,0.07800006866455078,1
28,2024-06-22T15:26:39.001Z,2024-06-28T11:14:55.967Z,503296.9660999775,8390
29,2024-06-28T11:20:10.473Z,2024-06-28T11:20:30.631Z,20.157999992370605,1
30,2024-06-28T11:20:31.142Z,2024-06-28T11:24:45.092Z,253.95000004768372,5
31,2024-06-28T11:24:46.000Z,2024-06-28T11:24:46.070Z,0.07000017166137695,1
32,2024-06-28T11:24:47.001Z,2024-07-01T23:20:32.975Z,302145.9742000103,5038
33,2024-07-01T23:25:16.057Z,2024-07-10T17:32:16.056Z,756419.9985001087,12612
34,2024-07-10T17:55:31.627Z,2024-07-10T17:55:51.025Z,19.39800000190735,1
35,2024-07-10T17:55:51.173Z,2024-07-10T18:00:02.123Z,250.94999980926514,5
36,2024-07-10T18:00:03.000Z,2024-07-10T18:00:03.078Z,0.07800006866455078,1
37,2024-07-10T18:00:04.001Z,2024-07-10T18:02:52.967Z,168.96600008010864,3
38,2024-07-10T18:09:27.094Z,2024-07-10T18:14:10.088Z,282.99349999427795,6
39,2024-07-10T18:14:11.000Z,2024-07-10T18:14:11.078Z,0.07800006866455078,1
40,2024-07-10T18:14:12.001Z,2024-07-10T19:06:48.967Z,3156.9660000801086,53
41,2024-07-10T19:21:53.846Z,2024-07-10T19:27:05.019Z,311.1725001335144,7
42,2024-07-10T19:27:06.000Z,2024-07-10T19:27:06.070Z,0.06999993324279785,1
43,2024-07-10T19:27:07.000Z,2024-07-12T08:27:14.974Z,133207.9739999771,2221
44,2024-08-28T18:34:41.327Z,2024-08-28T18:40:02.036Z,320.708300113678,7
45,2024-08-28T18:40:03.000Z,2024-08-28T18:40:03.078Z,0.07800006866455078,1
46,2024-08-28T18:40:04.001Z,2024-08-29T02:07:02.967Z,26818.96600008011,447
47,2024-08-29T04:23:05.706Z,2024-08-29T04:23:25.104Z,19.39800000190735,1
48,2024-08-29T04:23:25.149Z,2024-08-29T04:28:09.099Z,283.9500000476837,5
49,2024-08-29T04:28:10.000Z,2024-08-29T04:28:10.124Z,0.12400007247924805,1
50,2024-08-29T04:28:11.001Z,2024-08-29T06:28:26.921Z,7215.920000076294,121
51,2024-08-29T18:44:17.361Z,2024-08-29T18:49:28.031Z,310.6698999404907,6
52,2024-08-29T18:49:29.000Z,2024-08-29T18:49:29.078Z,0.07800006866455078,1
53,2024-08-29T18:49:30.001Z,2024-08-29T19:25:00.807Z,2130.805999994278,37
54,2024-08-29T19:30:27.437Z,2024-08-29T20:58:27.435Z,5279.9980001449585,88
55,2024-08-29T21:09:40.369Z,2024-08-29T21:10:00.127Z,19.758000135421753,1
56,2024-08-29T21:10:00.171Z,2024-08-29T21:14:38.121Z,277.9500000476837,5
57,2024-08-29T21:14:39.000Z,2024-08-29T21:14:39.070Z,0.07000017166137695,1
58,2024-08-29T21:14:40.001Z,2024-08-30T00:16:01.975Z,10881.973999977112,182
59,2024-08-30T00:23:21.090Z,2024-08-30T00:28:04.015Z,282.9247000217438,6
60,2024-08-30T00:28:05.000Z,2024-08-30T00:28:05.078Z,0.07800006866455078,1
61,2024-08-30T00:28:06.002Z,2024-08-30T05:23:42.968Z,17736.96599984169,296
62,2024-08-30T16:34:36.265Z,2024-08-30T16:34:55.783Z,19.51800012588501,1
63,2024-08-30T16:34:56.074Z,2024-08-30T16:38:55.024Z,238.95000004768372,4
64,2024-08-30T16:38:56.000Z,2024-08-30T16:38:56.078Z,0.07800006866455078,1
65,2024-08-30T16:38:57.001Z,2024-09-02T11:37:57.967Z,241140.9660000801,4020
66,2024-09-02T12:16:25.927Z,2024-09-02T12:16:45.725Z,19.7979998588562,1
67,2024-09-02T12:16:46.117Z,2024-09-02T12:20:53.067Z,246.94999980926514,5
68,2024-09-02T12:20:54.000Z,2024-09-02T12:20:54.078Z,0.07800006866455078,1
69,2024-09-02T12:20:55.000Z,2024-09-03T04:42:47.966Z,58912.96600008011,982
70,2024-09-17T17:53:34.178Z,2024-09-17T17:53:54.096Z,19.917999982833862,1
71,2024-09-17T17:53:54.122Z,2024-09-17T17:58:11.072Z,256.9500000476837,5
72,2024-09-17T17:58:12.000Z,2024-09-17T17:58:12.078Z,0.07800006866455078,1
73,2024-09-17T17:58:13.001Z,2024-09-18T02:55:55.967Z,32262.96599984169,538
74,2024-09-18T16:26:25.814Z,2024-09-18T16:26:45.772Z,19.95800018310547,1
75,2024-09-18T16:26:46.125Z,2024-09-18T16:30:56.075Z,249.95000004768372,5
76,2024-09-18T16:30:57.000Z,2024-09-18T16:30:57.070Z,0.07000017166137695,1
77,2024-09-18T16:30:58.001Z,2024-09-19T20:35:47.975Z,101089.9740998745,1686
78,2024-09-19T20:56:03.794Z,2024-09-19T21:00:33.029Z,269.23449993133545,6
79,2024-09-19T21:00:34.000Z,2024-09-19T21:00:34.088Z,0.08800005912780762,1
80,2024-09-19T21:00:35.001Z,2024-09-19T22:50:24.957Z,6589.956000089645,110
81,2024-09-19T23:10:50.533Z,2024-09-19T23:11:10.091Z,19.557999849319458,1
82,2024-09-19T23:11:10.111Z,2024-09-19T23:15:17.061Z,246.95000004768372,6
83,2024-09-19T23:15:21.698Z,2024-09-19T23:15:21.776Z,0.07800006866455078,1
84,2024-09-19T23:15:22.000Z,2024-09-20T00:02:21.886Z,2819.885999917984,47
85,2024-09-20T00:08:31.515Z,2024-09-20T00:08:51.233Z,19.717999935150146,1
86,2024-09-20T00:41:20.954Z,2024-09-20T00:41:40.952Z,19.998000144958496,1
87,2024-09-20T00:41:41.114Z,2024-09-20T00:46:11.064Z,269.94999980926514,5
88,2024-09-20T00:46:12.000Z,2024-09-20T00:46:12.070Z,0.07000017166137695,1
89,2024-09-20T00:46:13.000Z,2024-09-20T02:34:42.974Z,6509.97400021553,109
90,2024-09-20T02:57:51.390Z,2024-09-20T02:58:11.028Z,19.638000011444092,1
91,2024-09-20T02:58:11.124Z,2024-09-20T03:02:29.074Z,257.94999980926514,5
92,2024-09-20T03:02:30.000Z,2024-09-20T03:02:30.070Z,0.07000017166137695,1
93,2024-09-20T03:02:31.001Z,2024-09-20T07:12:12.975Z,14981.973999977112,250
94,2024-09-24T15:55:58.247Z,2024-09-24T15:56:18.085Z,19.838000059127808,1
95,2024-09-24T15:56:18.115Z,2024-09-24T16:01:29.065Z,310.9500000476837,6
96,2024-09-24T16:01:30.000Z,2024-09-24T16:01:30.078Z,0.07800006866455078,1
97,2024-09-24T16:01:31.000Z,2024-09-25T05:02:19.966Z,46848.96599984169,781
98,2024-09-25T15:58:29.512Z,2024-09-25T16:03:57.068Z,327.5552999973297,7
99,2024-09-25T16:03:58.000Z,2024-09-25T16:03:58.070Z,0.07000017166137695,1
100,2024-09-25T16:03:59.001Z,2024-09-25T18:24:50.975Z,8451.973999977112,141
101,2024-09-25T18:44:42.356Z,2024-09-25T18:49:24.244Z,281.887099981308,6
102,2024-09-25T18:49:25.000Z,2024-09-25T18:49:25.070Z,0.07000017166137695,1
103,2024-09-25T18:49:26.001Z,2024-11-03T02:32:03.977Z,3310957.9761998653,55205
104,2024-11-03T02:42:00.713Z,2024-11-03T02:42:20.111Z,19.39800000190735,1
105,2024-11-03T02:42:20.164Z,2024-11-03T02:46:19.114Z,238.95000004768372,4
106,2024-11-03T02:46:20.000Z,2024-11-03T02:46:20.078Z,0.07800006866455078,1
107,2024-11-03T02:46:21.001Z,2024-11-03T05:03:21.967Z,8220.966000080109,138
108,2024-11-20T20:24:02.268Z,2024-11-20T20:25:02.266Z,59.99799990653992,1
109,2024-11-20T20:27:06.080Z,2025-02-07T07:13:06.082Z,6777960.001600027,113002
110,2025-02-07T09:11:46.140Z,2025-02-07T09:12:06.098Z,19.95800018310547,1
111,2025-02-07T09:12:06.117Z,2025-02-07T09:16:27.067Z,260.94999980926514,5
112,2025-02-07T09:16:28.000Z,2025-02-07T09:16:28.078Z,0.07800006866455078,1
113,2025-02-07T09:16:29.001Z,2025-04-29T06:27:07.971Z,6988238.970000029,116511
114,2025-04-29T07:06:19.870Z,2025-04-29T07:11:24.064Z,304.19369983673096,6
115,2025-04-29T07:11:25.000Z,2025-04-29T07:11:25.078Z,0.07800006866455078,1
116,2025-04-29T07:11:26.001Z,2025-05-02T12:14:40.967Z,277394.9660999775,4625
117,2025-05-02T23:59:23.190Z,2025-05-03T00:03:46.214Z,263.02379989624023,6
118,2025-05-03T00:03:47.000Z,2025-05-03T00:03:47.078Z,0.07800006866455078,1
119,2025-05-03T00:03:48.001Z,2025-05-06T07:23:44.967Z,285596.9660000801,4760
120,2025-05-06T16:41:20.262Z,2025-05-06T16:41:40.100Z,19.838000059127808,1
121,2025-05-18T01:19:08.100Z,2025-05-18T01:19:28.098Z,19.997999906539917,1
122,2025-07-25T20:04:51.266Z,2025-07-25T20:05:11.064Z,19.7979998588562,1
