block_id,column_start,column_end,locus_start,locus_end,sampled_channel_count,median_channel_snr,peak_robust_z,detected,event_id,role
0,0,48,1800,1848,13,1.1108267307281494,8.48396490131088,True,75336682,deep_template
1,52,96,1852,1896,12,1.06173837184906,7.272920845786263,True,75336682,deep_template
2,100,148,1900,1948,13,1.1198723316192627,25.24284010845825,True,75336682,deep_template
3,152,196,1952,1996,12,10.389960289001465,165.2363742730965,True,75336682,deep_template
4,200,248,2000,2048,13,5.15382194519043,181.81259387686967,True,75336682,deep_template
5,252,296,2052,2096,12,9.639591217041016,786.899226993634,True,75336682,deep_template
6,300,348,2100,2148,13,4.704595565795898,151.2089650268189,True,75336682,deep_template
7,352,396,2152,2196,12,4.300987243652344,118.32341449391983,True,75336682,deep_template
8,400,448,2200,2248,13,7.520376205444336,72.34127039762588,True,75336682,deep_template
9,452,496,2252,2296,12,10.765056610107422,587.184228279499,True,75336682,deep_template
10,500,548,2300,2348,13,4.958482265472412,279.6583128787283,True,75336682,deep_template
11,552,596,2352,2396,12,3.8298988342285156,258.3232555560558,True,75336682,deep_template
12,600,648,2400,2448,13,3.815579414367676,374.8579917979694,True,75336682,deep_template
13,652,696,2452,2496,12,5.324822425842285,444.2691153814719,True,75336682,deep_template
14,700,748,2500,2548,13,4.175491809844971,284.10128178728206,True,75336682,deep_template
15,752,796,2552,2596,12,8.274740219116211,536.6656578068976,True,75336682,deep_template
16,800,848,2600,2648,13,2.179415464401245,218.8485459568721,True,75336682,deep_template
17,852,896,2652,2696,12,5.971584320068359,190.55693153342636,True,75336682,deep_template
18,900,948,2700,2748,13,3.300335645675659,153.23258649956796,True,75336682,deep_template
19,952,996,2752,2796,12,2.601822853088379,164.87751451615088,True,75336682,deep_template
20,1000,1048,2800,2848,13,9.340636253356934,816.2609031590524,True,75336682,deep_template
21,1052,1096,2852,2896,12,1.833040475845337,38.66588894352092,True,75336682,deep_template
22,1100,1148,2900,2948,13,2.3924667835235596,150.4479423332367,True,75336682,deep_template
23,1152,1196,2952,2996,12,3.477503776550293,70.13463617542004,True,75336682,deep_template
24,1200,1248,3000,3048,13,4.291669845581055,84.47798660595356,True,75336682,deep_template
25,1252,1296,3052,3096,12,3.3037662506103516,74.25133497359188,True,75336682,deep_template
26,1300,1348,3100,3148,13,2.811734199523926,99.51865965133779,True,75336682,deep_template
27,1352,1396,3152,3196,12,4.026887893676758,127.38777545179819,True,75336682,deep_template
28,1400,1448,3200,3248,13,5.89631986618042,109.65665342176734,True,75336682,deep_template
29,1452,1496,3252,3296,12,5.061497688293457,216.24011124666526,True,75336682,deep_template
30,1500,1548,3300,3348,13,3.979280948638916,164.74302083248554,True,75336682,deep_template
31,1552,1596,3352,3396,12,2.5716466903686523,55.76102238023818,True,75336682,deep_template
32,1600,1648,3400,3448,13,2.6632254123687744,126.16727959775567,True,75336682,deep_template
33,1652,1696,3452,3496,12,3.9547271728515625,239.86131715426305,True,75336682,deep_template
34,1700,1748,3500,3548,13,4.242071628570557,244.1996741967459,True,75336682,deep_template
35,1752,1796,3552,3596,12,3.963524341583252,182.23071830793268,True,75336682,deep_template
36,1800,1848,3600,3648,13,3.5770010948181152,417.2216154678951,True,75336682,deep_template
37,1852,1896,3652,3696,12,3.109250545501709,65.4881363429754,True,75336682,deep_template
38,1900,1948,3700,3748,13,6.313647747039795,210.0129715735155,True,75336682,deep_template
39,1952,1996,3752,3796,12,5.177160739898682,493.2908990754586,True,75336682,deep_template
40,2000,2048,3800,3848,13,3.630091428756714,289.12906874646666,True,75336682,deep_template
41,2052,2096,3852,3896,12,2.9262754917144775,346.8341311596195,True,75336682,deep_template
42,2100,2148,3900,3948,13,4.913757801055908,100.26195996037222,True,75336682,deep_template
43,2152,2196,3952,3996,12,3.9392242431640625,111.03438997972498,True,75336682,deep_template
44,2200,2248,4000,4048,13,2.956829309463501,61.25445752718483,True,75336682,deep_template
45,2252,2296,4052,4096,12,2.526581048965454,99.78537676401308,True,75336682,deep_template
46,2300,2348,4100,4148,13,1.9707788228988647,40.07904117410377,True,75336682,deep_template
47,2352,2396,4152,4196,12,5.335529327392578,333.99239444708417,True,75336682,deep_template
48,2400,2448,4200,4248,13,3.4591917991638184,201.67778011803105,True,75336682,deep_template
49,2452,2496,4252,4296,12,2.0280027389526367,62.664191291431884,True,75336682,deep_template
50,2500,2548,4300,4348,13,4.402186870574951,225.40218377571554,True,75336682,deep_template
51,2552,2596,4352,4396,12,3.2469093799591064,149.31254422125744,True,75336682,deep_template
52,2600,2648,4400,4448,13,6.081604957580566,214.86107323256434,True,75336682,deep_template
53,2652,2696,4452,4496,12,3.0772452354431152,239.01021878718214,True,75336682,deep_template
54,2700,2748,4500,4548,13,3.1418561935424805,228.4078311926626,True,75336682,deep_template
55,2752,2796,4552,4596,12,3.9879817962646484,456.4652315672107,True,75336682,deep_template
56,2800,2848,4600,4648,13,2.7526919841766357,232.09759409117626,True,75336682,deep_template
57,2852,2896,4652,4696,12,5.257242679595947,324.6936978019334,True,75336682,deep_template
58,2900,2948,4700,4748,13,7.024338722229004,204.56946577300863,True,75336682,deep_template
59,2952,2996,4752,4796,12,5.496517181396484,135.8692106275623,True,75336682,deep_template
60,3000,3048,4800,4848,13,3.716883420944214,27.970509479889515,True,75336682,deep_template
61,3052,3096,4852,4896,12,3.6431477069854736,111.66614897605378,True,75336682,deep_template
62,3100,3148,4900,4948,13,3.130880117416382,23.87918916489539,True,75336682,deep_template
63,3152,3196,4952,4996,12,1.7858378887176514,6.335103417234895,True,75336682,deep_template
0,0,48,1800,1848,13,1.0236197710037231,4.682969492391426,False,75343317,hard_spatial_control
1,52,96,1852,1896,12,1.0410113334655762,5.830007575729919,True,75343317,hard_spatial_control
2,100,148,1900,1948,13,1.1691491603851318,19.621818242555875,True,75343317,hard_spatial_control
3,152,196,1952,1996,12,16.482229232788086,191.57442140433037,True,75343317,hard_spatial_control
4,200,248,2000,2048,13,5.495399475097656,74.62877712741478,True,75343317,hard_spatial_control
5,252,296,2052,2096,12,6.512960433959961,115.67175259745942,True,75343317,hard_spatial_control
6,300,348,2100,2148,13,4.31271505355835,97.6339839659114,True,75343317,hard_spatial_control
7,352,396,2152,2196,12,8.363175392150879,133.90680042648668,True,75343317,hard_spatial_control
8,400,448,2200,2248,13,10.672478675842285,909.6761866075625,True,75343317,hard_spatial_control
9,452,496,2252,2296,12,11.984731674194336,256.74358814317867,True,75343317,hard_spatial_control
10,500,548,2300,2348,13,5.836067199707031,193.2426221998357,True,75343317,hard_spatial_control
11,552,596,2352,2396,12,3.68027925491333,117.18554818238282,True,75343317,hard_spatial_control
12,600,648,2400,2448,13,3.4579834938049316,449.46737442782035,True,75343317,hard_spatial_control
13,652,696,2452,2496,12,5.625890731811523,176.0851626662811,True,75343317,hard_spatial_control
14,700,748,2500,2548,13,3.793391466140747,104.50092628173121,True,75343317,hard_spatial_control
15,752,796,2552,2596,12,5.994308948516846,214.4274263728426,True,75343317,hard_spatial_control
16,800,848,2600,2648,13,4.206077575683594,298.61793886327433,True,75343317,hard_spatial_control
17,852,896,2652,2696,12,5.655712604522705,282.1688815223232,True,75343317,hard_spatial_control
18,900,948,2700,2748,13,3.645331382751465,245.285694105068,True,75343317,hard_spatial_control
19,952,996,2752,2796,12,3.7638397216796875,224.56774212711457,True,75343317,hard_spatial_control
20,1000,1048,2800,2848,13,4.907593250274658,408.40041083367936,True,75343317,hard_spatial_control
21,1052,1096,2852,2896,12,2.476680040359497,45.366700144033146,True,75343317,hard_spatial_control
22,1100,1148,2900,2948,13,3.494102716445923,157.11636268623826,True,75343317,hard_spatial_control
23,1152,1196,2952,2996,12,3.705806016921997,98.80596448113934,True,75343317,hard_spatial_control
24,1200,1248,3000,3048,13,7.457530975341797,218.68758319879626,True,75343317,hard_spatial_control
25,1252,1296,3052,3096,12,4.783315658569336,100.0432454164463,True,75343317,hard_spatial_control
26,1300,1348,3100,3148,13,4.063628673553467,139.01755206026888,True,75343317,hard_spatial_control
27,1352,1396,3152,3196,12,5.2838921546936035,169.06110758403403,True,75343317,hard_spatial_control
28,1400,1448,3200,3248,13,7.708207130432129,292.84208674903635,True,75343317,hard_spatial_control
29,1452,1496,3252,3296,12,4.541961193084717,246.5294578501125,True,75343317,hard_spatial_control
30,1500,1548,3300,3348,13,4.523087024688721,141.1429438596376,True,75343317,hard_spatial_control
31,1552,1596,3352,3396,12,3.0581178665161133,116.04554683983673,True,75343317,hard_spatial_control
32,1600,1648,3400,3448,13,4.564924716949463,157.03519783204086,True,75343317,hard_spatial_control
33,1652,1696,3452,3496,12,6.059201240539551,377.41974856323907,True,75343317,hard_spatial_control
34,1700,1748,3500,3548,13,7.153614044189453,275.4638900897322,True,75343317,hard_spatial_control
35,1752,1796,3552,3596,12,4.902458190917969,255.21512297426685,True,75343317,hard_spatial_control
36,1800,1848,3600,3648,13,5.729803085327148,177.39424531044892,True,75343317,hard_spatial_control
37,1852,1896,3652,3696,12,4.021885871887207,104.86308097818274,True,75343317,hard_spatial_control
38,1900,1948,3700,3748,13,7.140607833862305,249.19881274508086,True,75343317,hard_spatial_control
39,1952,1996,3752,3796,12,7.211091041564941,272.33633883671007,True,75343317,hard_spatial_control
40,2000,2048,3800,3848,13,4.338571071624756,149.37798959282955,True,75343317,hard_spatial_control
41,2052,2096,3852,3896,12,5.005213737487793,188.87172631486578,True,75343317,hard_spatial_control
42,2100,2148,3900,3948,13,4.894332408905029,150.40327666030296,True,75343317,hard_spatial_control
43,2152,2196,3952,3996,12,3.820247173309326,109.06966503227439,True,75343317,hard_spatial_control
44,2200,2248,4000,4048,13,3.2680106163024902,65.05324168695184,True,75343317,hard_spatial_control
45,2252,2296,4052,4096,12,3.1942756175994873,60.1771571150082,True,75343317,hard_spatial_control
46,2300,2348,4100,4148,13,1.6629528999328613,36.24023199095049,True,75343317,hard_spatial_control
47,2352,2396,4152,4196,12,3.659273147583008,172.45296819879923,True,75343317,hard_spatial_control
48,2400,2448,4200,4248,13,2.126662254333496,137.16909612749077,True,75343317,hard_spatial_control
49,2452,2496,4252,4296,12,2.8077399730682373,88.97411324756237,True,75343317,hard_spatial_control
50,2500,2548,4300,4348,13,5.1967058181762695,179.63637644461784,True,75343317,hard_spatial_control
51,2552,2596,4352,4396,12,3.115229606628418,76.42538672847341,True,75343317,hard_spatial_control
52,2600,2648,4400,4448,13,4.33259391784668,101.70216154572104,True,75343317,hard_spatial_control
53,2652,2696,4452,4496,12,3.2381937503814697,1.199473708131249,False,75343317,hard_spatial_control
54,2700,2748,4500,4548,13,2.567168712615967,111.56983528569991,True,75343317,hard_spatial_control
55,2752,2796,4552,4596,12,3.517357587814331,107.81083051392325,True,75343317,hard_spatial_control
56,2800,2848,4600,4648,13,3.0096547603607178,98.04761575405516,True,75343317,hard_spatial_control
57,2852,2896,4652,4696,12,4.252243518829346,190.3533591780974,True,75343317,hard_spatial_control
58,2900,2948,4700,4748,13,8.78963851928711,195.79364079667536,True,75343317,hard_spatial_control
59,2952,2996,4752,4796,12,6.355937480926514,465.32506665511767,True,75343317,hard_spatial_control
60,3000,3048,4800,4848,13,6.059844017028809,79.17284530009314,True,75343317,hard_spatial_control
61,3052,3096,4852,4896,12,4.524262428283691,60.186110499565984,True,75343317,hard_spatial_control
62,3100,3148,4900,4948,13,2.8448567390441895,19.868753044381357,True,75343317,hard_spatial_control
63,3152,3196,4952,4996,12,1.8913848400115967,5.402778363234247,True,75343317,hard_spatial_control
