event_id,origin_time,distance_3d_m,magnitude,decision,membership_status,overall_median_correlation,weakest_band_median_correlation,minimum_components_per_band,minimum_stations_per_band,catalog_source,scoring_method,diagnostic_scope,catalog_status,config_sha256
51182602,2007-06-05T10:49:16.850Z,28.353099301876128,1.0,insufficient_data,insufficient_data,0.9788935116423229,0.9739672501623671,6,2,NCEDC_DD,HRSN_multistation_multiband_single_anchor_v2,frozen_38_event_spatial_magnitude_shortlist,candidate_only_not_validated,1baa6c0b2bb1b381ef5da96fc4a1249a6a2f6dae62efb40b4c5a27dd927e9160
40237728,2009-06-06T17:16:40.120Z,35.79221411017598,1.1,insufficient_data,insufficient_data,0.983109752879342,0.9776924041288527,5,2,NCEDC_DD,HRSN_multistation_multiband_single_anchor_v2,frozen_38_event_spatial_magnitude_shortlist,candidate_only_not_validated,1baa6c0b2bb1b381ef5da96fc4a1249a6a2f6dae62efb40b4c5a27dd927e9160
72359026,2014-12-02T05:15:15.120Z,43.05465943987427,1.3,insufficient_data,insufficient_data,0.9913466433307474,0.9900918190619207,6,2,NCEDC_DD,HRSN_multistation_multiband_single_anchor_v2,frozen_38_event_spatial_magnitude_shortlist,candidate_only_not_validated,1baa6c0b2bb1b381ef5da96fc4a1249a6a2f6dae62efb40b4c5a27dd927e9160
71412741,2010-06-09T16:16:32.990Z,47.772874594077486,0.9,insufficient_data,insufficient_data,0.9799437193328469,0.9745915717586011,6,2,NCEDC_DD,HRSN_multistation_multiband_single_anchor_v2,frozen_38_event_spatial_magnitude_shortlist,candidate_only_not_validated,1baa6c0b2bb1b381ef5da96fc4a1249a6a2f6dae62efb40b4c5a27dd927e9160
21500539,2005-12-22T17:14:36.768Z,47.95932980835506,1.3,insufficient_data,insufficient_data,0.9773413176520156,0.9601122425168226,6,2,NCEDC_DD,HRSN_multistation_multiband_single_anchor_v2,frozen_38_event_spatial_magnitude_shortlist,candidate_only_not_validated,1baa6c0b2bb1b381ef5da96fc4a1249a6a2f6dae62efb40b4c5a27dd927e9160
21304571,2003-09-03T12:44:22.160Z,52.24400322688663,1.2,insufficient_data,insufficient_data,0.9735321663178831,0.954295526860517,6,2,NCEDC_DD,HRSN_multistation_multiband_single_anchor_v2,frozen_38_event_spatial_magnitude_shortlist,candidate_only_not_validated,1baa6c0b2bb1b381ef5da96fc4a1249a6a2f6dae62efb40b4c5a27dd927e9160
21512158,2006-04-08T05:25:53.920Z,58.43516160989016,1.0,insufficient_data,insufficient_data,0.9116752093966114,0.8715939337591321,5,2,NCEDC_DD,HRSN_multistation_multiband_single_anchor_v2,frozen_38_event_spatial_magnitude_shortlist,candidate_only_not_validated,1baa6c0b2bb1b381ef5da96fc4a1249a6a2f6dae62efb40b4c5a27dd927e9160
21212835,2002-02-15T09:34:42.192Z,62.87817185504145,1.1,insufficient_data,insufficient_data,0.9171735197350322,0.8930089815915581,5,2,NCEDC_DD,HRSN_multistation_multiband_single_anchor_v2,frozen_38_event_spatial_magnitude_shortlist,candidate_only_not_validated,1baa6c0b2bb1b381ef5da96fc4a1249a6a2f6dae62efb40b4c5a27dd927e9160
73770420,2022-08-21T14:27:46.210Z,76.93223448836939,1.4,insufficient_data,insufficient_data,0.9943871259034671,0.9936199101704282,6,2,NCEDC_DD,HRSN_multistation_multiband_single_anchor_v2,frozen_38_event_spatial_magnitude_shortlist,candidate_only_not_validated,1baa6c0b2bb1b381ef5da96fc4a1249a6a2f6dae62efb40b4c5a27dd927e9160
