pair_name,reference_event_id,comparison_event_id,trace_id,reference_trace_id,comparison_trace_id,reference_location,comparison_location,station,component,sample_rate_hz,band,band_low_hz,band_high_hz,reference_snr,comparison_snr,correlation,lag_s,usable
blind_A,75336682,72154411,BP.CCRB.DP1,BP.CCRB.40.DP1,BP.CCRB.40.DP1,40,40,CCRB,DP1,250.0,2.0-10.0Hz,2.0,10.0,691.3230767469552,572.4838204920397,0.9830000171897363,0.044,True
blind_A,75336682,72154411,BP.CCRB.DP1,BP.CCRB.40.DP1,BP.CCRB.40.DP1,40,40,CCRB,DP1,250.0,5.0-20.0Hz,5.0,20.0,2716.944230232654,2112.5343031014104,0.9857219333983236,0.04,True
blind_A,75336682,72154411,BP.CCRB.DP1,BP.CCRB.40.DP1,BP.CCRB.40.DP1,40,40,CCRB,DP1,250.0,10.0-40.0Hz,10.0,40.0,3802.5551128766233,2960.226382861448,0.9831227134568945,0.04,True
blind_A,75336682,72154411,BP.CCRB.DP1,BP.CCRB.40.DP1,BP.CCRB.40.DP1,40,40,CCRB,DP1,250.0,2.0-40.0Hz,2.0,40.0,1873.1209280535425,1773.4327290665647,0.9792103383426909,0.04,True
blind_A,75336682,72154411,BP.CCRB.DP2,BP.CCRB.40.DP2,BP.CCRB.40.DP2,40,40,CCRB,DP2,250.0,2.0-10.0Hz,2.0,10.0,690.1857849055642,498.6879717180122,0.9793347884185813,0.044,True
blind_A,75336682,72154411,BP.CCRB.DP2,BP.CCRB.40.DP2,BP.CCRB.40.DP2,40,40,CCRB,DP2,250.0,5.0-20.0Hz,5.0,20.0,1454.2922874862616,1116.2469158304011,0.9750797970190355,0.04,True
blind_A,75336682,72154411,BP.CCRB.DP2,BP.CCRB.40.DP2,BP.CCRB.40.DP2,40,40,CCRB,DP2,250.0,10.0-40.0Hz,10.0,40.0,1306.7237794477207,1019.2889769069969,0.9753394315210349,0.04,True
blind_A,75336682,72154411,BP.CCRB.DP2,BP.CCRB.40.DP2,BP.CCRB.40.DP2,40,40,CCRB,DP2,250.0,2.0-40.0Hz,2.0,40.0,893.4849965063515,718.1912335017189,0.9627795257860015,0.04,True
blind_A,75336682,72154411,BP.CCRB.DP3,BP.CCRB.40.DP3,BP.CCRB.40.DP3,40,40,CCRB,DP3,250.0,2.0-10.0Hz,2.0,10.0,768.1813950694735,659.4461359271244,0.9763395503623166,0.044,True
blind_A,75336682,72154411,BP.CCRB.DP3,BP.CCRB.40.DP3,BP.CCRB.40.DP3,40,40,CCRB,DP3,250.0,5.0-20.0Hz,5.0,20.0,1572.42563530698,1324.243259733028,0.9802532530528475,0.04,True
blind_A,75336682,72154411,BP.CCRB.DP3,BP.CCRB.40.DP3,BP.CCRB.40.DP3,40,40,CCRB,DP3,250.0,10.0-40.0Hz,10.0,40.0,1833.8013481128764,1420.2795343342214,0.9753864843837771,0.04,True
blind_A,75336682,72154411,BP.CCRB.DP3,BP.CCRB.40.DP3,BP.CCRB.40.DP3,40,40,CCRB,DP3,250.0,2.0-40.0Hz,2.0,40.0,1122.41165344694,1043.156285384481,0.9661912466729415,0.04,True
blind_A,75336682,72154411,BP.LCCB.DP1,BP.LCCB.40.DP1,BP.LCCB.40.DP1,40,40,LCCB,DP1,250.0,2.0-10.0Hz,2.0,10.0,690.9008979365634,1001.8509223045113,0.9713398645855206,0.032,True
blind_A,75336682,72154411,BP.LCCB.DP1,BP.LCCB.40.DP1,BP.LCCB.40.DP1,40,40,LCCB,DP1,250.0,5.0-20.0Hz,5.0,20.0,1446.960050781072,1920.2355947395904,0.9775076847504859,0.032,True
blind_A,75336682,72154411,BP.LCCB.DP1,BP.LCCB.40.DP1,BP.LCCB.40.DP1,40,40,LCCB,DP1,250.0,10.0-40.0Hz,10.0,40.0,1117.897190606578,1447.3693267240874,0.9835321204877283,0.028,True
blind_A,75336682,72154411,BP.LCCB.DP1,BP.LCCB.40.DP1,BP.LCCB.40.DP1,40,40,LCCB,DP1,250.0,2.0-40.0Hz,2.0,40.0,800.5611939215778,1156.0263265459116,0.9663977774351561,0.032,True
blind_A,75336682,72154411,BP.LCCB.DP2,BP.LCCB.40.DP2,BP.LCCB.40.DP2,40,40,LCCB,DP2,250.0,2.0-10.0Hz,2.0,10.0,241.94870997644685,351.40914857732406,0.9938660604118118,0.028,True
blind_A,75336682,72154411,BP.LCCB.DP2,BP.LCCB.40.DP2,BP.LCCB.40.DP2,40,40,LCCB,DP2,250.0,5.0-20.0Hz,5.0,20.0,299.70580918181815,381.51275111797696,0.9918107797717283,0.028,True
blind_A,75336682,72154411,BP.LCCB.DP2,BP.LCCB.40.DP2,BP.LCCB.40.DP2,40,40,LCCB,DP2,250.0,10.0-40.0Hz,10.0,40.0,203.67826644732844,254.7227746665356,0.9863692753665259,0.028,True
blind_A,75336682,72154411,BP.LCCB.DP2,BP.LCCB.40.DP2,BP.LCCB.40.DP2,40,40,LCCB,DP2,250.0,2.0-40.0Hz,2.0,40.0,221.8767390013183,292.4412959480593,0.9896900565174271,0.028,True
blind_A,75336682,72154411,BP.LCCB.DP3,BP.LCCB.40.DP3,BP.LCCB.40.DP3,40,40,LCCB,DP3,250.0,2.0-10.0Hz,2.0,10.0,647.8554715109351,1050.0167572094294,0.9633619943966121,0.036,True
blind_A,75336682,72154411,BP.LCCB.DP3,BP.LCCB.40.DP3,BP.LCCB.40.DP3,40,40,LCCB,DP3,250.0,5.0-20.0Hz,5.0,20.0,1143.1740879362753,1591.1669837538484,0.9762168165797801,0.032,True
blind_A,75336682,72154411,BP.LCCB.DP3,BP.LCCB.40.DP3,BP.LCCB.40.DP3,40,40,LCCB,DP3,250.0,10.0-40.0Hz,10.0,40.0,1003.1124691936136,1058.1156485381814,0.9722648406674556,0.032,True
blind_A,75336682,72154411,BP.LCCB.DP3,BP.LCCB.40.DP3,BP.LCCB.40.DP3,40,40,LCCB,DP3,250.0,2.0-40.0Hz,2.0,40.0,724.2210061610293,1086.271357564851,0.9529450399241377,0.032,True
blind_A,75336682,72154411,BP.SCYB.DP1,BP.SCYB.40.DP1,BP.SCYB.40.DP1,40,40,SCYB,DP1,250.0,2.0-10.0Hz,2.0,10.0,1274.9982363575928,1104.5922259362526,0.9736505410064874,0.048,True
blind_A,75336682,72154411,BP.SCYB.DP1,BP.SCYB.40.DP1,BP.SCYB.40.DP1,40,40,SCYB,DP1,250.0,5.0-20.0Hz,5.0,20.0,1619.1658500330348,1268.1092329188448,0.9791678414395323,0.044,True
blind_A,75336682,72154411,BP.SCYB.DP1,BP.SCYB.40.DP1,BP.SCYB.40.DP1,40,40,SCYB,DP1,250.0,10.0-40.0Hz,10.0,40.0,1159.7939491218203,759.9960738242416,0.9898489043224119,0.04,True
blind_A,75336682,72154411,BP.SCYB.DP1,BP.SCYB.40.DP1,BP.SCYB.40.DP1,40,40,SCYB,DP1,250.0,2.0-40.0Hz,2.0,40.0,1281.1291244701883,985.6004335363821,0.9553404769863683,0.044,True
blind_A,75336682,72154411,BP.SCYB.DP2,BP.SCYB.40.DP2,BP.SCYB.40.DP2,40,40,SCYB,DP2,250.0,2.0-10.0Hz,2.0,10.0,1059.153984891933,1282.3505965211116,0.9791192300065673,0.048,True
blind_A,75336682,72154411,BP.SCYB.DP2,BP.SCYB.40.DP2,BP.SCYB.40.DP2,40,40,SCYB,DP2,250.0,5.0-20.0Hz,5.0,20.0,1842.642945616688,1175.326963720956,0.9798359927418271,0.044,True
blind_A,75336682,72154411,BP.SCYB.DP2,BP.SCYB.40.DP2,BP.SCYB.40.DP2,40,40,SCYB,DP2,250.0,10.0-40.0Hz,10.0,40.0,978.5466261053829,574.2576507674382,0.987819942225901,0.04,True
blind_A,75336682,72154411,BP.SCYB.DP2,BP.SCYB.40.DP2,BP.SCYB.40.DP2,40,40,SCYB,DP2,250.0,2.0-40.0Hz,2.0,40.0,1061.96349531387,1005.8934331890839,0.9615489846659871,0.044,True
blind_A,75336682,72154411,BP.SCYB.DP3,BP.SCYB.40.DP3,BP.SCYB.40.DP3,40,40,SCYB,DP3,250.0,2.0-10.0Hz,2.0,10.0,983.1650582874873,710.9933052927175,0.9703593379941587,0.048,True
blind_A,75336682,72154411,BP.SCYB.DP3,BP.SCYB.40.DP3,BP.SCYB.40.DP3,40,40,SCYB,DP3,250.0,5.0-20.0Hz,5.0,20.0,1875.1691179412328,789.0754437271917,0.978231210582001,0.044,True
blind_A,75336682,72154411,BP.SCYB.DP3,BP.SCYB.40.DP3,BP.SCYB.40.DP3,40,40,SCYB,DP3,250.0,10.0-40.0Hz,10.0,40.0,980.5999046747992,469.3827190035841,0.992490197439396,0.04,True
blind_A,75336682,72154411,BP.SCYB.DP3,BP.SCYB.40.DP3,BP.SCYB.40.DP3,40,40,SCYB,DP3,250.0,2.0-40.0Hz,2.0,40.0,1004.8347852994002,608.7637256296907,0.9512048723215755,0.044,True
blind_B,75336682,75343317,BP.CCRB.DP1,BP.CCRB.40.DP1,BP.CCRB.40.DP1,40,40,CCRB,DP1,250.0,2.0-10.0Hz,2.0,10.0,691.3230767469552,1074.156454469295,0.4660656264888214,-0.084,True
blind_B,75336682,75343317,BP.CCRB.DP1,BP.CCRB.40.DP1,BP.CCRB.40.DP1,40,40,CCRB,DP1,250.0,5.0-20.0Hz,5.0,20.0,2716.944230232654,3055.9508427965425,0.7308153853919099,-0.096,True
blind_B,75336682,75343317,BP.CCRB.DP1,BP.CCRB.40.DP1,BP.CCRB.40.DP1,40,40,CCRB,DP1,250.0,10.0-40.0Hz,10.0,40.0,3802.5551128766233,3953.027756255988,0.743834615342109,-0.096,True
blind_B,75336682,75343317,BP.CCRB.DP1,BP.CCRB.40.DP1,BP.CCRB.40.DP1,40,40,CCRB,DP1,250.0,2.0-40.0Hz,2.0,40.0,1873.1209280535425,2397.952772925051,0.694463597110349,-0.096,True
blind_B,75336682,75343317,BP.CCRB.DP2,BP.CCRB.40.DP2,BP.CCRB.40.DP2,40,40,CCRB,DP2,250.0,2.0-10.0Hz,2.0,10.0,690.1857849055642,549.8090576702067,0.280775695905658,-0.136,True
blind_B,75336682,75343317,BP.CCRB.DP2,BP.CCRB.40.DP2,BP.CCRB.40.DP2,40,40,CCRB,DP2,250.0,5.0-20.0Hz,5.0,20.0,1454.2922874862616,1165.6320523764805,0.2073188829695484,-0.488,True
blind_B,75336682,75343317,BP.CCRB.DP2,BP.CCRB.40.DP2,BP.CCRB.40.DP2,40,40,CCRB,DP2,250.0,10.0-40.0Hz,10.0,40.0,1306.7237794477207,1594.8079946270097,0.29978383528080066,-0.092,True
blind_B,75336682,75343317,BP.CCRB.DP2,BP.CCRB.40.DP2,BP.CCRB.40.DP2,40,40,CCRB,DP2,250.0,2.0-40.0Hz,2.0,40.0,893.4849965063515,783.0325459447789,0.1856781539756443,-0.488,True
blind_B,75336682,75343317,BP.CCRB.DP3,BP.CCRB.40.DP3,BP.CCRB.40.DP3,40,40,CCRB,DP3,250.0,2.0-10.0Hz,2.0,10.0,768.1813950694735,723.5370149566094,0.33576104173866134,-0.092,True
blind_B,75336682,75343317,BP.CCRB.DP3,BP.CCRB.40.DP3,BP.CCRB.40.DP3,40,40,CCRB,DP3,250.0,5.0-20.0Hz,5.0,20.0,1572.42563530698,1389.4557764069696,0.5065315388853683,-0.092,True
blind_B,75336682,75343317,BP.CCRB.DP3,BP.CCRB.40.DP3,BP.CCRB.40.DP3,40,40,CCRB,DP3,250.0,10.0-40.0Hz,10.0,40.0,1833.8013481128764,2020.0133849865492,0.588575230226536,-0.092,True
blind_B,75336682,75343317,BP.CCRB.DP3,BP.CCRB.40.DP3,BP.CCRB.40.DP3,40,40,CCRB,DP3,250.0,2.0-40.0Hz,2.0,40.0,1122.41165344694,956.8040586441007,0.4740806937410398,-0.092,True
blind_B,75336682,75343317,BP.LCCB.DP1,BP.LCCB.40.DP1,BP.LCCB.40.DP1,40,40,LCCB,DP1,250.0,2.0-10.0Hz,2.0,10.0,690.9008979365634,967.0648708083729,0.44821856022069095,-0.172,True
blind_B,75336682,75343317,BP.LCCB.DP1,BP.LCCB.40.DP1,BP.LCCB.40.DP1,40,40,LCCB,DP1,250.0,5.0-20.0Hz,5.0,20.0,1446.960050781072,1327.0314830409059,0.34560508156691405,-0.18,True
blind_B,75336682,75343317,BP.LCCB.DP1,BP.LCCB.40.DP1,BP.LCCB.40.DP1,40,40,LCCB,DP1,250.0,10.0-40.0Hz,10.0,40.0,1117.897190606578,819.216695990769,0.30980179727524115,0.376,True
blind_B,75336682,75343317,BP.LCCB.DP1,BP.LCCB.40.DP1,BP.LCCB.40.DP1,40,40,LCCB,DP1,250.0,2.0-40.0Hz,2.0,40.0,800.5611939215778,971.201321471341,0.37065775369911197,-0.176,True
blind_B,75336682,75343317,BP.LCCB.DP2,BP.LCCB.40.DP2,BP.LCCB.40.DP2,40,40,LCCB,DP2,250.0,2.0-10.0Hz,2.0,10.0,241.94870997644685,77.54259050850602,0.6986054097427089,-0.168,True
blind_B,75336682,75343317,BP.LCCB.DP2,BP.LCCB.40.DP2,BP.LCCB.40.DP2,40,40,LCCB,DP2,250.0,5.0-20.0Hz,5.0,20.0,299.70580918181815,155.4016803890679,0.41175866253477117,-0.18,True
blind_B,75336682,75343317,BP.LCCB.DP2,BP.LCCB.40.DP2,BP.LCCB.40.DP2,40,40,LCCB,DP2,250.0,10.0-40.0Hz,10.0,40.0,203.67826644732844,163.82680968622387,0.32324429748455286,-0.12,True
blind_B,75336682,75343317,BP.LCCB.DP2,BP.LCCB.40.DP2,BP.LCCB.40.DP2,40,40,LCCB,DP2,250.0,2.0-40.0Hz,2.0,40.0,221.8767390013183,114.74441485151108,0.37068089145353944,-0.18,True
blind_B,75336682,75343317,BP.LCCB.DP3,BP.LCCB.40.DP3,BP.LCCB.40.DP3,40,40,LCCB,DP3,250.0,2.0-10.0Hz,2.0,10.0,647.8554715109351,1108.2147318148118,0.49016918587626246,-0.16,True
blind_B,75336682,75343317,BP.LCCB.DP3,BP.LCCB.40.DP3,BP.LCCB.40.DP3,40,40,LCCB,DP3,250.0,5.0-20.0Hz,5.0,20.0,1143.1740879362753,1400.1626622383633,0.27480498041411233,0.268,True
blind_B,75336682,75343317,BP.LCCB.DP3,BP.LCCB.40.DP3,BP.LCCB.40.DP3,40,40,LCCB,DP3,250.0,10.0-40.0Hz,10.0,40.0,1003.1124691936136,903.8856783370064,0.2110374398943419,0.28,True
blind_B,75336682,75343317,BP.LCCB.DP3,BP.LCCB.40.DP3,BP.LCCB.40.DP3,40,40,LCCB,DP3,250.0,2.0-40.0Hz,2.0,40.0,724.2210061610293,1078.1254836858702,0.36844367481356005,-0.168,True
blind_B,75336682,75343317,BP.SCYB.DP1,BP.SCYB.40.DP1,BP.SCYB.40.DP1,40,40,SCYB,DP1,250.0,2.0-10.0Hz,2.0,10.0,1274.9982363575928,2078.4804679153794,0.34021676116821903,-0.164,True
blind_B,75336682,75343317,BP.SCYB.DP1,BP.SCYB.40.DP1,BP.SCYB.40.DP1,40,40,SCYB,DP1,250.0,5.0-20.0Hz,5.0,20.0,1619.1658500330348,3520.5345965390884,0.3705472005711293,-0.172,True
blind_B,75336682,75343317,BP.SCYB.DP1,BP.SCYB.40.DP1,BP.SCYB.40.DP1,40,40,SCYB,DP1,250.0,10.0-40.0Hz,10.0,40.0,1159.7939491218203,1680.5960141876878,0.45839288408831813,0.112,True
blind_B,75336682,75343317,BP.SCYB.DP1,BP.SCYB.40.DP1,BP.SCYB.40.DP1,40,40,SCYB,DP1,250.0,2.0-40.0Hz,2.0,40.0,1281.1291244701883,2033.0447969773677,0.3308412487247992,-0.168,True
blind_B,75336682,75343317,BP.SCYB.DP2,BP.SCYB.40.DP2,BP.SCYB.40.DP2,40,40,SCYB,DP2,250.0,2.0-10.0Hz,2.0,10.0,1059.153984891933,1603.4496173854811,0.451556259000924,-0.124,True
blind_B,75336682,75343317,BP.SCYB.DP2,BP.SCYB.40.DP2,BP.SCYB.40.DP2,40,40,SCYB,DP2,250.0,5.0-20.0Hz,5.0,20.0,1842.642945616688,2579.8013087280538,0.28662109724378626,-0.168,True
blind_B,75336682,75343317,BP.SCYB.DP2,BP.SCYB.40.DP2,BP.SCYB.40.DP2,40,40,SCYB,DP2,250.0,10.0-40.0Hz,10.0,40.0,978.5466261053829,1082.8114808849123,0.34627369592944696,-0.168,True
blind_B,75336682,75343317,BP.SCYB.DP2,BP.SCYB.40.DP2,BP.SCYB.40.DP2,40,40,SCYB,DP2,250.0,2.0-40.0Hz,2.0,40.0,1061.96349531387,1600.5912952844506,0.36606819194369045,-0.144,True
blind_B,75336682,75343317,BP.SCYB.DP3,BP.SCYB.40.DP3,BP.SCYB.40.DP3,40,40,SCYB,DP3,250.0,2.0-10.0Hz,2.0,10.0,983.1650582874873,1208.1537889271658,0.2640911937053952,-0.184,True
blind_B,75336682,75343317,BP.SCYB.DP3,BP.SCYB.40.DP3,BP.SCYB.40.DP3,40,40,SCYB,DP3,250.0,5.0-20.0Hz,5.0,20.0,1875.1691179412328,2820.7822862960033,0.22427868510154342,-0.192,True
blind_B,75336682,75343317,BP.SCYB.DP3,BP.SCYB.40.DP3,BP.SCYB.40.DP3,40,40,SCYB,DP3,250.0,10.0-40.0Hz,10.0,40.0,980.5999046747992,1278.8278631830312,0.20435398679618508,0.456,True
blind_B,75336682,75343317,BP.SCYB.DP3,BP.SCYB.40.DP3,BP.SCYB.40.DP3,40,40,SCYB,DP3,250.0,2.0-40.0Hz,2.0,40.0,1004.8347852994002,1249.7802221622287,0.24377264070287327,-0.188,True
