pair_name,reference_event_id,comparison_event_id,reference_sequence_id,comparison_sequence_id,same_published_family,usable_metric_count,minimum_components_per_supported_band,minimum_stations_per_supported_band,overall_median_correlation,weakest_supported_band_median_correlation,status
full_network_10088629_21088307,10088629,21088307,R1.0697.5199.0,R1.0697.5199.0,True,4,1,1,0.5962116071949499,0.4106493875232548,STOP
full_network_10088629_21100860,10088629,21100860,R1.0697.5199.0,R1.2172.7737.0,False,4,1,1,0.5580997520719595,0.4341721851923763,STOP
full_network_10088629_21204713,10088629,21204713,R1.0697.5199.0,R1.0697.5199.0,True,4,1,1,0.6090496944816258,0.4133273512497453,STOP
full_network_10088629_21212835,10088629,21212835,R1.0697.5199.0,R1.2172.7737.0,False,4,1,1,0.5780507380492403,0.4404636654055007,STOP
full_network_10088629_21260770,10088629,21260770,R1.0697.5199.0,R1.0697.5199.0,True,4,1,1,0.5948522852009486,0.3857652997712726,STOP
full_network_10088629_21260771,10088629,21260771,R1.0697.5199.0,R1.2172.7737.0,False,4,1,1,0.5599302610353246,0.40554346057830226,STOP
full_network_10088629_213203,10088629,213203,R1.0697.5199.0,R1.0697.5199.0,True,4,1,1,0.5970832550148912,0.3929307120173935,STOP
full_network_10088629_30066019,10088629,30066019,R1.0697.5199.0,R1.0697.5199.0,True,3,0,0,0.557651207301381,0.4833889680430197,STOP
full_network_10088629_40220017,10088629,40220017,R1.0697.5199.0,R1.3027.11698.0,False,4,1,1,0.5151154859685187,0.37853237429430475,STOP
full_network_10088629_40237728,10088629,40237728,R1.0697.5199.0,R1.3027.11698.0,False,4,1,1,0.5145839110246281,0.3653001766461189,STOP
full_network_10088629_51214531,10088629,51214531,R1.0697.5199.0,R1.2900.11955.0,False,4,1,1,0.5447364269109353,0.394637488262909,STOP
full_network_10088629_524545,10088629,524545,R1.0697.5199.0,R1.0697.5199.0,True,4,1,1,0.5572493478177138,0.25004551967104177,STOP
full_network_10088629_71325295,10088629,71325295,R1.0697.5199.0,R1.2900.11955.0,False,4,1,1,0.5102274279323178,0.36621072100211555,STOP
full_network_10088629_71567810,10088629,71567810,R1.0697.5199.0,R1.2900.11955.0,False,4,1,1,0.5201010299231789,0.3929384738861585,STOP
full_network_10088629_71908906,10088629,71908906,R1.0697.5199.0,R1.2900.11955.0,False,4,1,1,0.5197564854915604,0.3852702159789664,STOP
full_network_10088629_72154411,10088629,72154411,R1.0697.5199.0,R1.2900.11955.0,False,0,0,0,,,STOP
full_network_10088629_72359026,10088629,72359026,R1.0697.5199.0,R1.2900.11955.0,False,4,1,1,0.5377937101419642,0.40744471647978936,STOP
full_network_21088307_21100860,21088307,21100860,R1.0697.5199.0,R1.2172.7737.0,False,4,1,1,0.9677079073792572,0.7726060994598241,STOP
full_network_21088307_21204713,21088307,21204713,R1.0697.5199.0,R1.0697.5199.0,True,4,1,1,0.9748570992437238,0.9424914362913115,STOP
full_network_21088307_21212835,21088307,21212835,R1.0697.5199.0,R1.2172.7737.0,False,4,1,1,0.9607390673926701,0.7970867961320982,STOP
full_network_21088307_21260770,21088307,21260770,R1.0697.5199.0,R1.0697.5199.0,True,4,1,1,0.9607216328802328,0.8983975048898032,STOP
full_network_21088307_21260771,21088307,21260771,R1.0697.5199.0,R1.2172.7737.0,False,4,1,1,0.9624332619173205,0.7520026882760709,STOP
full_network_21088307_213203,21088307,213203,R1.0697.5199.0,R1.0697.5199.0,True,4,1,1,0.9714171818800239,0.9273736980519769,STOP
full_network_21088307_30066019,21088307,30066019,R1.0697.5199.0,R1.0697.5199.0,True,3,0,0,0.8934169983760482,0.8766705102782784,STOP
full_network_21088307_40220017,21088307,40220017,R1.0697.5199.0,R1.3027.11698.0,False,4,1,1,0.974133450883595,0.8473792355790254,STOP
full_network_21088307_40237728,21088307,40237728,R1.0697.5199.0,R1.3027.11698.0,False,4,1,1,0.9564682614902449,0.8254361078021941,STOP
full_network_21088307_51214531,21088307,51214531,R1.0697.5199.0,R1.2900.11955.0,False,4,1,1,0.9309238372442927,0.8334402958072344,STOP
full_network_21088307_524545,21088307,524545,R1.0697.5199.0,R1.0697.5199.0,True,4,1,1,0.4009551043985484,0.24577937192209248,STOP
full_network_21088307_71325295,21088307,71325295,R1.0697.5199.0,R1.2900.11955.0,False,4,1,1,0.9571732348216448,0.8057487115642827,STOP
full_network_21088307_71567810,21088307,71567810,R1.0697.5199.0,R1.2900.11955.0,False,4,1,1,0.9790821260410268,0.8581562013126426,STOP
full_network_21088307_71908906,21088307,71908906,R1.0697.5199.0,R1.2900.11955.0,False,4,1,1,0.944397391295086,0.8349655416178176,STOP
full_network_21088307_72154411,21088307,72154411,R1.0697.5199.0,R1.2900.11955.0,False,0,0,0,,,STOP
full_network_21088307_72359026,21088307,72359026,R1.0697.5199.0,R1.2900.11955.0,False,4,1,1,0.9158005750198432,0.7816960560630309,STOP
full_network_21100860_21204713,21100860,21204713,R1.2172.7737.0,R1.0697.5199.0,False,4,1,1,0.9400338056141773,0.7973453144402711,STOP
full_network_21100860_21212835,21100860,21212835,R1.2172.7737.0,R1.2172.7737.0,True,4,1,1,0.9851660722115365,0.9496884162568802,STOP
full_network_21100860_21260770,21100860,21260770,R1.2172.7737.0,R1.0697.5199.0,False,4,1,1,0.9187542065742766,0.7442006102487603,STOP
full_network_21100860_21260771,21100860,21260771,R1.2172.7737.0,R1.2172.7737.0,True,4,1,1,0.9702446172121042,0.9555894233305047,STOP
full_network_21100860_213203,21100860,213203,R1.2172.7737.0,R1.0697.5199.0,False,4,1,1,0.9484965231258891,0.80895290921397,STOP
full_network_21100860_30066019,21100860,30066019,R1.2172.7737.0,R1.0697.5199.0,False,3,0,0,0.8738403991499522,0.8612638113626084,STOP
full_network_21100860_40220017,21100860,40220017,R1.2172.7737.0,R1.3027.11698.0,False,4,1,1,0.9487630519842007,0.7908381898889781,STOP
full_network_21100860_40237728,21100860,40237728,R1.2172.7737.0,R1.3027.11698.0,False,4,1,1,0.9270358304881645,0.8202308563856431,STOP
full_network_21100860_51214531,21100860,51214531,R1.2172.7737.0,R1.2900.11955.0,False,4,1,1,0.899770849893822,0.7671223196167594,STOP
full_network_21100860_524545,21100860,524545,R1.2172.7737.0,R1.0697.5199.0,False,4,1,1,0.4242376914541228,0.20617205298204214,STOP
full_network_21100860_71325295,21100860,71325295,R1.2172.7737.0,R1.2900.11955.0,False,4,1,1,0.924687992270687,0.8126544879815026,STOP
full_network_21100860_71567810,21100860,71567810,R1.2172.7737.0,R1.2900.11955.0,False,4,1,1,0.9705237961034706,0.8656206333542799,STOP
full_network_21100860_71908906,21100860,71908906,R1.2172.7737.0,R1.2900.11955.0,False,4,1,1,0.9122515116865619,0.7384697383803692,STOP
full_network_21100860_72154411,21100860,72154411,R1.2172.7737.0,R1.2900.11955.0,False,0,0,0,,,STOP
full_network_21100860_72359026,21100860,72359026,R1.2172.7737.0,R1.2900.11955.0,False,4,1,1,0.8893055695720455,0.7615984277441311,STOP
full_network_21204713_21212835,21204713,21212835,R1.0697.5199.0,R1.2172.7737.0,False,91,20,8,0.9238216293348783,0.8435829231193162,PASS
full_network_21204713_21260770,21204713,21260770,R1.0697.5199.0,R1.0697.5199.0,True,28,7,3,0.9914622949845461,0.9706617976483015,PASS
full_network_21204713_21260771,21204713,21260771,R1.0697.5199.0,R1.2172.7737.0,False,26,5,3,0.9301980243410701,0.8260053788337951,STOP
full_network_21204713_213203,21204713,213203,R1.0697.5199.0,R1.0697.5199.0,True,4,1,1,0.9770306120915644,0.9619745452833356,STOP
full_network_21204713_30066019,21204713,30066019,R1.0697.5199.0,R1.0697.5199.0,True,3,0,0,0.8950008547996857,0.8887559631447001,STOP
full_network_21204713_40220017,21204713,40220017,R1.0697.5199.0,R1.3027.11698.0,False,105,25,10,0.9786460443068555,0.9557539276845679,PASS
full_network_21204713_40237728,21204713,40237728,R1.0697.5199.0,R1.3027.11698.0,False,91,22,10,0.981318469989073,0.9709192738049299,PASS
full_network_21204713_51214531,21204713,51214531,R1.0697.5199.0,R1.2900.11955.0,False,89,22,10,0.9905492386573016,0.9687317101842072,PASS
full_network_21204713_524545,21204713,524545,R1.0697.5199.0,R1.0697.5199.0,True,4,1,1,0.4019131946291152,0.2487137257609858,STOP
full_network_21204713_71325295,21204713,71325295,R1.0697.5199.0,R1.2900.11955.0,False,101,25,10,0.9828198060704927,0.9617584179692877,PASS
full_network_21204713_71567810,21204713,71567810,R1.0697.5199.0,R1.2900.11955.0,False,103,25,10,0.9696546634551645,0.9627795042836098,PASS
full_network_21204713_71908906,21204713,71908906,R1.0697.5199.0,R1.2900.11955.0,False,112,28,11,0.9879111971555865,0.9608011435466062,PASS
full_network_21204713_72154411,21204713,72154411,R1.0697.5199.0,R1.2900.11955.0,False,94,23,9,0.9662793474057818,0.9379915777989767,PASS
full_network_21204713_72359026,21204713,72359026,R1.0697.5199.0,R1.2900.11955.0,False,84,20,9,0.9609979423574944,0.9525451241668269,PASS
full_network_21212835_21260770,21212835,21260770,R1.2172.7737.0,R1.0697.5199.0,False,18,1,1,0.9270375979312775,0.744607892722572,STOP
full_network_21212835_21260771,21212835,21260771,R1.2172.7737.0,R1.2172.7737.0,True,18,1,1,0.9579486147632905,0.9484479431350968,STOP
full_network_21212835_213203,21212835,213203,R1.2172.7737.0,R1.0697.5199.0,False,4,1,1,0.9649213663408462,0.7856346012480551,STOP
full_network_21212835_30066019,21212835,30066019,R1.2172.7737.0,R1.0697.5199.0,False,3,0,0,0.8945959956933331,0.8831043928642496,STOP
full_network_21212835_40220017,21212835,40220017,R1.2172.7737.0,R1.3027.11698.0,False,74,16,7,0.9209857291848923,0.8113553764672924,PASS
full_network_21212835_40237728,21212835,40237728,R1.2172.7737.0,R1.3027.11698.0,False,69,14,7,0.9179593982793395,0.8158935968294566,PASS
full_network_21212835_51214531,21212835,51214531,R1.2172.7737.0,R1.2900.11955.0,False,59,14,7,0.9168982115885062,0.8228119796922051,PASS
full_network_21212835_524545,21212835,524545,R1.2172.7737.0,R1.0697.5199.0,False,4,1,1,0.4244432741684547,0.18106342799760625,STOP
full_network_21212835_71325295,21212835,71325295,R1.2172.7737.0,R1.2900.11955.0,False,67,14,6,0.9208915609963488,0.800294053493543,PASS
full_network_21212835_71567810,21212835,71567810,R1.2172.7737.0,R1.2900.11955.0,False,79,17,7,0.9136611764664714,0.8146489291404566,PASS
full_network_21212835_71908906,21212835,71908906,R1.2172.7737.0,R1.2900.11955.0,False,83,20,8,0.9052305198760203,0.8215341162557501,PASS
full_network_21212835_72154411,21212835,72154411,R1.2172.7737.0,R1.2900.11955.0,False,65,16,6,0.8589031644450342,0.7755806616662307,PASS
full_network_21212835_72359026,21212835,72359026,R1.2172.7737.0,R1.2900.11955.0,False,57,13,6,0.8595867830997231,0.7543193681633004,PASS
full_network_21260770_21260771,21260770,21260771,R1.0697.5199.0,R1.2172.7737.0,False,26,5,3,0.9457424631428661,0.8395732400646415,STOP
full_network_21260770_213203,21260770,213203,R1.0697.5199.0,R1.0697.5199.0,True,4,1,1,0.9714800805207289,0.9413294838687023,STOP
full_network_21260770_30066019,21260770,30066019,R1.0697.5199.0,R1.0697.5199.0,True,3,0,0,0.8823634134036228,0.8712622783548089,STOP
full_network_21260770_40220017,21260770,40220017,R1.0697.5199.0,R1.3027.11698.0,False,25,4,2,0.9722684316059176,0.8700967433512797,STOP
full_network_21260770_40237728,21260770,40237728,R1.0697.5199.0,R1.3027.11698.0,False,28,7,3,0.9833132179645636,0.9792837720691899,PASS
full_network_21260770_51214531,21260770,51214531,R1.0697.5199.0,R1.2900.11955.0,False,16,4,2,0.9757707315229849,0.8845798622548419,STOP
full_network_21260770_524545,21260770,524545,R1.0697.5199.0,R1.0697.5199.0,True,4,1,1,0.39474914271222356,0.25908511984643884,STOP
full_network_21260770_71325295,21260770,71325295,R1.0697.5199.0,R1.2900.11955.0,False,28,7,3,0.988812024277165,0.9751309386204381,PASS
full_network_21260770_71567810,21260770,71567810,R1.0697.5199.0,R1.2900.11955.0,False,27,6,3,0.9280004404403009,0.8361553650656011,PASS
full_network_21260770_71908906,21260770,71908906,R1.0697.5199.0,R1.2900.11955.0,False,15,3,2,0.9644704208281342,0.7484495109929964,STOP
full_network_21260770_72154411,21260770,72154411,R1.0697.5199.0,R1.2900.11955.0,False,9,2,1,0.9497904296182194,0.741685491708721,STOP
full_network_21260770_72359026,21260770,72359026,R1.0697.5199.0,R1.2900.11955.0,False,16,4,2,0.9562368695356595,0.8677838440426452,STOP
full_network_21260771_213203,21260771,213203,R1.2172.7737.0,R1.0697.5199.0,False,4,1,1,0.9489568099244732,0.8010253847659657,STOP
full_network_21260771_30066019,21260771,30066019,R1.2172.7737.0,R1.0697.5199.0,False,3,0,0,0.9068974675387516,0.9002563628606515,STOP
full_network_21260771_40220017,21260771,40220017,R1.2172.7737.0,R1.3027.11698.0,False,23,2,2,0.9185018508247521,0.7285906306503487,STOP
full_network_21260771_40237728,21260771,40237728,R1.2172.7737.0,R1.3027.11698.0,False,26,5,3,0.9246263870146565,0.8264384121363173,STOP
full_network_21260771_51214531,21260771,51214531,R1.2172.7737.0,R1.2900.11955.0,False,14,2,2,0.9307813292096428,0.7553841334785424,STOP
full_network_21260771_524545,21260771,524545,R1.2172.7737.0,R1.0697.5199.0,False,4,1,1,0.4136457664696114,0.17530825787454404,STOP
full_network_21260771_71325295,21260771,71325295,R1.2172.7737.0,R1.2900.11955.0,False,26,5,3,0.9282454759176453,0.824057014509361,STOP
full_network_21260771_71567810,21260771,71567810,R1.2172.7737.0,R1.2900.11955.0,False,25,4,3,0.8629465515775379,0.7047464565139958,STOP
full_network_21260771_71908906,21260771,71908906,R1.2172.7737.0,R1.2900.11955.0,False,14,2,2,0.914647393355198,0.7332147806994127,STOP
full_network_21260771_72154411,21260771,72154411,R1.2172.7737.0,R1.2900.11955.0,False,8,1,1,0.807845595136357,0.6997078080850115,STOP
full_network_21260771_72359026,21260771,72359026,R1.2172.7737.0,R1.2900.11955.0,False,14,2,2,0.9103261918734503,0.7345850918150854,STOP
full_network_213203_30066019,213203,30066019,R1.0697.5199.0,R1.0697.5199.0,True,3,0,0,0.8980249497980047,0.8910227306977175,STOP
full_network_213203_40220017,213203,40220017,R1.0697.5199.0,R1.3027.11698.0,False,4,1,1,0.9600487290528001,0.8389241959431525,STOP
full_network_213203_40237728,213203,40237728,R1.0697.5199.0,R1.3027.11698.0,False,4,1,1,0.9725810545014826,0.8697123267201825,STOP
full_network_213203_51214531,213203,51214531,R1.0697.5199.0,R1.2900.11955.0,False,4,1,1,0.9536162309346424,0.822663753013213,STOP
full_network_213203_524545,213203,524545,R1.0697.5199.0,R1.0697.5199.0,True,4,1,1,0.39155807816323485,0.23854662527468345,STOP
full_network_213203_71325295,213203,71325295,R1.0697.5199.0,R1.2900.11955.0,False,4,1,1,0.9663284097307829,0.8660335683130632,STOP
full_network_213203_71567810,213203,71567810,R1.0697.5199.0,R1.2900.11955.0,False,4,1,1,0.9616094385614334,0.8422416464212044,STOP
full_network_213203_71908906,213203,71908906,R1.0697.5199.0,R1.2900.11955.0,False,4,1,1,0.9525789760068921,0.7917338882338228,STOP
full_network_213203_72154411,213203,72154411,R1.0697.5199.0,R1.2900.11955.0,False,0,0,0,,,STOP
full_network_213203_72359026,213203,72359026,R1.0697.5199.0,R1.2900.11955.0,False,4,1,1,0.9455341064774587,0.8146889856149426,STOP
full_network_30066019_40220017,30066019,40220017,R1.0697.5199.0,R1.3027.11698.0,False,3,0,0,0.907150858969939,0.8924382056342068,STOP
full_network_30066019_40237728,30066019,40237728,R1.0697.5199.0,R1.3027.11698.0,False,3,0,0,0.9101666108147571,0.9017453061634298,STOP
full_network_30066019_51214531,30066019,51214531,R1.0697.5199.0,R1.2900.11955.0,False,3,0,0,0.8927185539469163,0.8904384810415626,STOP
full_network_30066019_524545,30066019,524545,R1.0697.5199.0,R1.0697.5199.0,True,3,0,0,0.5026342801161633,0.4089836619621398,STOP
full_network_30066019_71325295,30066019,71325295,R1.0697.5199.0,R1.2900.11955.0,False,3,0,0,0.9175269110187959,0.9041793225878947,STOP
full_network_30066019_71567810,30066019,71567810,R1.0697.5199.0,R1.2900.11955.0,False,3,0,0,0.8824523046105011,0.8675738079184205,STOP
full_network_30066019_71908906,30066019,71908906,R1.0697.5199.0,R1.2900.11955.0,False,3,0,0,0.9056103111186742,0.8877756745718728,STOP
full_network_30066019_72154411,30066019,72154411,R1.0697.5199.0,R1.2900.11955.0,False,0,0,0,,,STOP
full_network_30066019_72359026,30066019,72359026,R1.0697.5199.0,R1.2900.11955.0,False,3,0,0,0.8993124044864587,0.888833981192018,STOP
full_network_40220017_40237728,40220017,40237728,R1.3027.11698.0,R1.3027.11698.0,True,107,23,9,0.9932693953479488,0.9915263744430243,PASS
full_network_40220017_51214531,40220017,51214531,R1.3027.11698.0,R1.2900.11955.0,False,109,26,10,0.9861470810324637,0.9739084297461548,PASS
full_network_40220017_524545,40220017,524545,R1.3027.11698.0,R1.0697.5199.0,False,4,1,1,0.3886190976761976,0.24540320418761352,STOP
full_network_40220017_71325295,40220017,71325295,R1.3027.11698.0,R1.2900.11955.0,False,118,26,9,0.9932101463966478,0.9925747372442539,PASS
full_network_40220017_71567810,40220017,71567810,R1.3027.11698.0,R1.2900.11955.0,False,104,24,9,0.9852930311279349,0.9818809011376693,PASS
full_network_40220017_71908906,40220017,71908906,R1.3027.11698.0,R1.2900.11955.0,False,106,26,10,0.9903295585346104,0.9875799077187408,PASS
full_network_40220017_72154411,40220017,72154411,R1.3027.11698.0,R1.2900.11955.0,False,88,22,8,0.9876295564135062,0.9860692009343779,PASS
full_network_40220017_72359026,40220017,72359026,R1.3027.11698.0,R1.2900.11955.0,False,86,20,8,0.9692923012635126,0.959119968706304,PASS
full_network_40237728_51214531,40237728,51214531,R1.3027.11698.0,R1.2900.11955.0,False,99,23,9,0.9899449613754379,0.9835733570996039,PASS
full_network_40237728_524545,40237728,524545,R1.3027.11698.0,R1.0697.5199.0,False,4,1,1,0.3852035505802021,0.2350849399327205,STOP
full_network_40237728_71325295,40237728,71325295,R1.3027.11698.0,R1.2900.11955.0,False,109,25,9,0.9966915437550733,0.9956681358771535,PASS
full_network_40237728_71567810,40237728,71567810,R1.3027.11698.0,R1.2900.11955.0,False,93,22,9,0.9759073828092021,0.9732407590516108,PASS
full_network_40237728_71908906,40237728,71908906,R1.3027.11698.0,R1.2900.11955.0,False,91,22,9,0.9899400949293666,0.9835083666835385,PASS
full_network_40237728_72154411,40237728,72154411,R1.3027.11698.0,R1.2900.11955.0,False,76,18,7,0.9875908450773077,0.980973415402191,PASS
full_network_40237728_72359026,40237728,72359026,R1.3027.11698.0,R1.2900.11955.0,False,78,17,7,0.9740126798035296,0.9674141913686621,PASS
full_network_51214531_524545,51214531,524545,R1.2900.11955.0,R1.0697.5199.0,False,4,1,1,0.3752276544547655,0.26420278775963485,STOP
full_network_51214531_71325295,51214531,71325295,R1.2900.11955.0,R1.2900.11955.0,True,110,26,10,0.9904600842307554,0.9819554747408712,PASS
full_network_51214531_71567810,51214531,71567810,R1.2900.11955.0,R1.2900.11955.0,True,92,23,10,0.981519500939864,0.9728587962952354,PASS
full_network_51214531_71908906,51214531,71908906,R1.2900.11955.0,R1.2900.11955.0,True,99,24,10,0.994996473807752,0.9903690731935207,PASS
full_network_51214531_72154411,51214531,72154411,R1.2900.11955.0,R1.2900.11955.0,True,89,22,9,0.9890730918633218,0.9840206062115888,PASS
full_network_51214531_72359026,51214531,72359026,R1.2900.11955.0,R1.2900.11955.0,True,91,22,9,0.9771912863179382,0.9594947704293413,PASS
full_network_524545_71325295,524545,71325295,R1.0697.5199.0,R1.2900.11955.0,False,4,1,1,0.38226737455593685,0.22336991522220717,STOP
full_network_524545_71567810,524545,71567810,R1.0697.5199.0,R1.2900.11955.0,False,4,1,1,0.4040849421501825,0.23193875943123718,STOP
full_network_524545_71908906,524545,71908906,R1.0697.5199.0,R1.2900.11955.0,False,4,1,1,0.3756731504874315,0.22707906064659938,STOP
full_network_524545_72154411,524545,72154411,R1.0697.5199.0,R1.2900.11955.0,False,0,0,0,,,STOP
full_network_524545_72359026,524545,72359026,R1.0697.5199.0,R1.2900.11955.0,False,4,1,1,0.3631988493300967,0.25335253776385175,STOP
full_network_71325295_71567810,71325295,71567810,R1.2900.11955.0,R1.2900.11955.0,True,107,26,10,0.984118760684784,0.9820752510223598,PASS
full_network_71325295_71908906,71325295,71908906,R1.2900.11955.0,R1.2900.11955.0,True,103,25,10,0.9914648541989252,0.9834607842569544,PASS
full_network_71325295_72154411,71325295,72154411,R1.2900.11955.0,R1.2900.11955.0,True,97,24,9,0.9888498914548642,0.9851518258971452,PASS
full_network_71325295_72359026,71325295,72359026,R1.2900.11955.0,R1.2900.11955.0,True,99,24,9,0.9767963606003797,0.9692580879306053,PASS
full_network_71567810_71908906,71567810,71908906,R1.2900.11955.0,R1.2900.11955.0,True,115,28,11,0.9791943488904712,0.9740890487692616,PASS
full_network_71567810_72154411,71567810,72154411,R1.2900.11955.0,R1.2900.11955.0,True,93,23,9,0.974388587405712,0.9723782585047186,PASS
full_network_71567810_72359026,71567810,72359026,R1.2900.11955.0,R1.2900.11955.0,True,92,23,9,0.9578820125876977,0.9509592937813537,PASS
full_network_71908906_72154411,71908906,72154411,R1.2900.11955.0,R1.2900.11955.0,True,113,28,11,0.9876835572017074,0.9855898458852581,PASS
full_network_71908906_72359026,71908906,72359026,R1.2900.11955.0,R1.2900.11955.0,True,110,27,11,0.9755134658465703,0.9646695154408209,PASS
full_network_72154411_72359026,72154411,72359026,R1.2900.11955.0,R1.2900.11955.0,True,104,26,10,0.9824079661910239,0.971965771502004,PASS
