trial_id,injected_event_id,injected_sequence_id,injected_validation_role,position_index,injection_origin_time,injection_origin_epoch_s,amplitude_snr,zero_amplitude_control,injected_component_count,template_self_excluded,template_recovered,template_peak_score,template_threshold,template_peak_origin_residual_s,template_candidate_origin_residual_s,template_best_event_id,template_best_sequence_id,generic_recovered,generic_peak_score,generic_threshold,generic_peak_trigger_residual_s,generic_candidate_trigger_residual_s
network_injection_00001,21204713,R1.0697.5199.0,neighbor_family_negative,1,2025-01-20T04:56:04.449Z,1737348964.44995,0.0,True,20,True,False,0.044230617582798004,0.10883580148220062,0.9500000476837158,,21212835,R1.2172.7737.0,False,1.2150527238845825,1.5937319993972778,6.25,
network_injection_00002,21204713,R1.0697.5199.0,neighbor_family_negative,1,2025-01-20T04:56:04.449Z,1737348964.44995,0.25,False,20,True,True,0.19712497293949127,0.10883580148220062,0.15000009536743164,0.15000009536743164,21212835,R1.2172.7737.0,False,1.201156497001648,1.5937319993972778,6.299999952316284,
network_injection_00003,21204713,R1.0697.5199.0,neighbor_family_negative,1,2025-01-20T04:56:04.449Z,1737348964.44995,0.5,False,20,True,True,0.3650481700897217,0.10883580148220062,0.15000009536743164,0.15000009536743164,21212835,R1.2172.7737.0,False,1.3169519901275635,1.5937319993972778,5.5,
network_injection_00004,21204713,R1.0697.5199.0,neighbor_family_negative,1,2025-01-20T04:56:04.449Z,1737348964.44995,1.0,False,20,True,True,0.5816065669059753,0.10883580148220062,0.15000009536743164,0.15000009536743164,21212835,R1.2172.7737.0,False,1.41029691696167,1.5937319993972778,4.049999952316284,
network_injection_00005,21204713,R1.0697.5199.0,neighbor_family_negative,1,2025-01-20T04:56:04.449Z,1737348964.44995,2.0,False,20,True,True,0.7413304448127747,0.10883580148220062,0.15000009536743164,0.15000009536743164,21212835,R1.2172.7737.0,True,1.7985111474990845,1.5937319993972778,3.450000047683716,3.450000047683716
network_injection_00006,21204713,R1.0697.5199.0,neighbor_family_negative,1,2025-01-20T04:56:04.449Z,1737348964.44995,4.0,False,20,True,True,0.8059080839157104,0.10883580148220062,0.15000009536743164,0.15000009536743164,21212835,R1.2172.7737.0,True,2.4922804832458496,1.5937319993972778,3.200000047683716,3.200000047683716
network_injection_00007,21204713,R1.0697.5199.0,neighbor_family_negative,2,2025-01-20T05:15:51.898Z,1737350151.8988175,0.0,True,20,True,False,0.039794668555259705,0.10883580148220062,0.34999990463256836,,21212835,R1.2172.7737.0,False,1.2267879247665405,1.5937319993972778,10.799999952316284,
network_injection_00008,21204713,R1.0697.5199.0,neighbor_family_negative,2,2025-01-20T05:15:51.898Z,1737350151.8988175,0.25,False,20,True,True,0.23636333644390106,0.10883580148220062,0.15000009536743164,0.15000009536743164,21212835,R1.2172.7737.0,False,1.1878724098205566,1.5937319993972778,2.799999952316284,
network_injection_00009,21204713,R1.0697.5199.0,neighbor_family_negative,2,2025-01-20T05:15:51.898Z,1737350151.8988175,0.5,False,20,True,True,0.4053524136543274,0.10883580148220062,0.15000009536743164,0.15000009536743164,21212835,R1.2172.7737.0,False,1.244735836982727,1.5937319993972778,5.599999904632568,
network_injection_00010,21204713,R1.0697.5199.0,neighbor_family_negative,2,2025-01-20T05:15:51.898Z,1737350151.8988175,1.0,False,20,True,True,0.6076972484588623,0.10883580148220062,0.15000009536743164,0.15000009536743164,21212835,R1.2172.7737.0,True,1.6877515316009521,1.5937319993972778,5.400000095367432,5.400000095367432
network_injection_00011,21204713,R1.0697.5199.0,neighbor_family_negative,2,2025-01-20T05:15:51.898Z,1737350151.8988175,2.0,False,20,True,True,0.7497361302375793,0.10883580148220062,0.15000009536743164,0.15000009536743164,21212835,R1.2172.7737.0,True,2.205436944961548,1.5937319993972778,5.400000095367432,5.400000095367432
network_injection_00012,21204713,R1.0697.5199.0,neighbor_family_negative,2,2025-01-20T05:15:51.898Z,1737350151.8988175,4.0,False,20,True,True,0.8080599904060364,0.10883580148220062,0.15000009536743164,0.15000009536743164,21212835,R1.2172.7737.0,True,2.48779034614563,1.5937319993972778,3.1500000953674316,3.1500000953674316
network_injection_00013,21204713,R1.0697.5199.0,neighbor_family_negative,3,2025-01-20T05:29:28.148Z,1737350968.148039,0.0,True,20,True,False,0.0504755899310112,0.10883580148220062,0.20000004768371582,,71567810,R1.2900.11955.0,False,1.1949514150619507,1.5937319993972778,0.6500000953674316,
network_injection_00014,21204713,R1.0697.5199.0,neighbor_family_negative,3,2025-01-20T05:29:28.148Z,1737350968.148039,0.25,False,20,True,True,0.19973905384540558,0.10883580148220062,0.15000009536743164,0.15000009536743164,21212835,R1.2172.7737.0,False,1.195812702178955,1.5937319993972778,0.6500000953674316,
network_injection_00015,21204713,R1.0697.5199.0,neighbor_family_negative,3,2025-01-20T05:29:28.148Z,1737350968.148039,0.5,False,20,True,True,0.3723927140235901,0.10883580148220062,0.15000009536743164,0.15000009536743164,21212835,R1.2172.7737.0,False,1.2904659509658813,1.5937319993972778,5.650000095367432,
network_injection_00016,21204713,R1.0697.5199.0,neighbor_family_negative,3,2025-01-20T05:29:28.148Z,1737350968.148039,1.0,False,20,True,True,0.5863369703292847,0.10883580148220062,0.15000009536743164,0.15000009536743164,21212835,R1.2172.7737.0,False,1.5591222047805786,1.5937319993972778,5.450000047683716,
network_injection_00017,21204713,R1.0697.5199.0,neighbor_family_negative,3,2025-01-20T05:29:28.148Z,1737350968.148039,2.0,False,20,True,True,0.7426847219467163,0.10883580148220062,0.15000009536743164,0.15000009536743164,21212835,R1.2172.7737.0,True,2.1371545791625977,1.5937319993972778,5.400000095367432,5.400000095367432
network_injection_00018,21204713,R1.0697.5199.0,neighbor_family_negative,3,2025-01-20T05:29:28.148Z,1737350968.148039,4.0,False,20,True,True,0.8038291931152344,0.10883580148220062,0.15000009536743164,0.15000009536743164,21212835,R1.2172.7737.0,True,2.431626558303833,1.5937319993972778,3.25,3.25
network_injection_00019,21204713,R1.0697.5199.0,neighbor_family_negative,4,2025-01-20T05:36:13.697Z,1737351373.6976523,0.0,True,20,True,False,0.05676957964897156,0.10883580148220062,0.5499999523162842,,21212835,R1.2172.7737.0,False,1.1635977029800415,1.5937319993972778,4.700000047683716,
network_injection_00020,21204713,R1.0697.5199.0,neighbor_family_negative,4,2025-01-20T05:36:13.697Z,1737351373.6976523,0.25,False,20,True,True,0.16692236065864563,0.10883580148220062,0.15000009536743164,0.15000009536743164,21212835,R1.2172.7737.0,False,1.2326395511627197,1.5937319993972778,4.650000095367432,
network_injection_00021,21204713,R1.0697.5199.0,neighbor_family_negative,4,2025-01-20T05:36:13.697Z,1737351373.6976523,0.5,False,20,True,True,0.33580297231674194,0.10883580148220062,0.15000009536743164,0.15000009536743164,21212835,R1.2172.7737.0,False,1.268486738204956,1.5937319993972778,6.200000047683716,
network_injection_00022,21204713,R1.0697.5199.0,neighbor_family_negative,4,2025-01-20T05:36:13.697Z,1737351373.6976523,1.0,False,20,True,True,0.5614115595817566,0.10883580148220062,0.15000009536743164,0.15000009536743164,21212835,R1.2172.7737.0,True,1.7896521091461182,1.5937319993972778,5.549999952316284,5.549999952316284
network_injection_00023,21204713,R1.0697.5199.0,neighbor_family_negative,4,2025-01-20T05:36:13.697Z,1737351373.6976523,2.0,False,20,True,True,0.725843608379364,0.10883580148220062,0.15000009536743164,0.15000009536743164,21212835,R1.2172.7737.0,True,2.412932872772217,1.5937319993972778,5.349999904632568,5.349999904632568
network_injection_00024,21204713,R1.0697.5199.0,neighbor_family_negative,4,2025-01-20T05:36:13.697Z,1737351373.6976523,4.0,False,20,True,True,0.7972015142440796,0.10883580148220062,0.15000009536743164,0.15000009536743164,21212835,R1.2172.7737.0,True,2.5769941806793213,1.5937319993972778,5.349999904632568,5.349999904632568
network_injection_00025,21204713,R1.0697.5199.0,neighbor_family_negative,5,2025-01-20T05:40:13.747Z,1737351613.7474234,0.0,True,20,True,False,0.05036740377545357,0.10883580148220062,-0.9500000476837158,,21212835,R1.2172.7737.0,False,1.2533529996871948,1.5937319993972778,4.799999952316284,
network_injection_00026,21204713,R1.0697.5199.0,neighbor_family_negative,5,2025-01-20T05:40:13.747Z,1737351613.7474234,0.25,False,20,True,True,0.1806139200925827,0.10883580148220062,0.15000009536743164,0.15000009536743164,21212835,R1.2172.7737.0,False,1.2317510843276978,1.5937319993972778,4.799999952316284,
network_injection_00027,21204713,R1.0697.5199.0,neighbor_family_negative,5,2025-01-20T05:40:13.747Z,1737351613.7474234,0.5,False,20,True,True,0.3448050618171692,0.10883580148220062,0.15000009536743164,0.15000009536743164,21212835,R1.2172.7737.0,False,1.3328173160552979,1.5937319993972778,4.700000047683716,
network_injection_00028,21204713,R1.0697.5199.0,neighbor_family_negative,5,2025-01-20T05:40:13.747Z,1737351613.7474234,1.0,False,20,True,True,0.5622943043708801,0.10883580148220062,0.15000009536743164,0.15000009536743164,21212835,R1.2172.7737.0,True,1.7977834939956665,1.5937319993972778,5.450000047683716,5.450000047683716
network_injection_00029,21204713,R1.0697.5199.0,neighbor_family_negative,5,2025-01-20T05:40:13.747Z,1737351613.7474234,2.0,False,20,True,True,0.7297015190124512,0.10883580148220062,0.15000009536743164,0.15000009536743164,21212835,R1.2172.7737.0,True,1.8351582288742065,1.5937319993972778,3.4000000953674316,3.4000000953674316
network_injection_00030,21204713,R1.0697.5199.0,neighbor_family_negative,5,2025-01-20T05:40:13.747Z,1737351613.7474234,4.0,False,20,True,True,0.8009366989135742,0.10883580148220062,0.15000009536743164,0.15000009536743164,21212835,R1.2172.7737.0,True,2.478736639022827,1.5937319993972778,3.1500000953674316,3.1500000953674316
network_injection_00031,21212835,R1.2172.7737.0,neighbor_family_negative,1,2025-01-20T04:56:04.449Z,1737348964.44995,0.0,True,16,True,False,0.041493844240903854,0.10883580148220062,-0.09999990463256836,,51214531,R1.2900.11955.0,False,1.2150527238845825,1.5937319993972778,6.25,
network_injection_00032,21212835,R1.2172.7737.0,neighbor_family_negative,1,2025-01-20T04:56:04.449Z,1737348964.44995,0.25,False,16,True,True,0.14919084310531616,0.10883580148220062,-0.15000009536743164,-0.15000009536743164,21204713,R1.0697.5199.0,False,1.2150527238845825,1.5937319993972778,6.25,
network_injection_00033,21212835,R1.2172.7737.0,neighbor_family_negative,1,2025-01-20T04:56:04.449Z,1737348964.44995,0.5,False,16,True,True,0.3019787073135376,0.10883580148220062,-0.15000009536743164,-0.15000009536743164,21204713,R1.0697.5199.0,False,1.249372959136963,1.5937319993972778,5.349999904632568,
network_injection_00034,21212835,R1.2172.7737.0,neighbor_family_negative,1,2025-01-20T04:56:04.449Z,1737348964.44995,1.0,False,16,True,True,0.505898118019104,0.10883580148220062,-0.15000009536743164,-0.15000009536743164,21204713,R1.0697.5199.0,False,1.3579764366149902,1.5937319993972778,5.200000047683716,
network_injection_00035,21212835,R1.2172.7737.0,neighbor_family_negative,1,2025-01-20T04:56:04.449Z,1737348964.44995,2.0,False,16,True,True,0.6562255620956421,0.10883580148220062,-0.15000009536743164,-0.15000009536743164,21204713,R1.0697.5199.0,True,1.6759941577911377,1.5937319993972778,5.200000047683716,5.200000047683716
network_injection_00036,21212835,R1.2172.7737.0,neighbor_family_negative,1,2025-01-20T04:56:04.449Z,1737348964.44995,4.0,False,16,True,True,0.7120319604873657,0.10883580148220062,-0.15000009536743164,-0.15000009536743164,21204713,R1.0697.5199.0,True,1.983659267425537,1.5937319993972778,3.25,3.25
network_injection_00037,21212835,R1.2172.7737.0,neighbor_family_negative,2,2025-01-20T05:15:51.898Z,1737350151.8988175,0.0,True,16,True,False,0.04757314547896385,0.10883580148220062,-0.2999999523162842,,21204713,R1.0697.5199.0,False,1.2267879247665405,1.5937319993972778,10.799999952316284,
network_injection_00038,21212835,R1.2172.7737.0,neighbor_family_negative,2,2025-01-20T05:15:51.898Z,1737350151.8988175,0.25,False,16,True,True,0.20528846979141235,0.10883580148220062,-0.15000009536743164,-0.15000009536743164,21204713,R1.0697.5199.0,False,1.2148152589797974,1.5937319993972778,2.799999952316284,
network_injection_00039,21212835,R1.2172.7737.0,neighbor_family_negative,2,2025-01-20T05:15:51.898Z,1737350151.8988175,0.5,False,16,True,True,0.35436564683914185,0.10883580148220062,-0.15000009536743164,-0.15000009536743164,21204713,R1.0697.5199.0,False,1.314391016960144,1.5937319993972778,7.75,
network_injection_00040,21212835,R1.2172.7737.0,neighbor_family_negative,2,2025-01-20T05:15:51.898Z,1737350151.8988175,1.0,False,16,True,True,0.537773847579956,0.10883580148220062,-0.15000009536743164,-0.15000009536743164,21204713,R1.0697.5199.0,True,1.6279081106185913,1.5937319993972778,5.75,5.75
network_injection_00041,21212835,R1.2172.7737.0,neighbor_family_negative,2,2025-01-20T05:15:51.898Z,1737350151.8988175,2.0,False,16,True,True,0.6587949991226196,0.10883580148220062,-0.15000009536743164,-0.15000009536743164,21204713,R1.0697.5199.0,True,2.076631546020508,1.5937319993972778,5.299999952316284,5.299999952316284
network_injection_00042,21212835,R1.2172.7737.0,neighbor_family_negative,2,2025-01-20T05:15:51.898Z,1737350151.8988175,4.0,False,16,True,True,0.7082958221435547,0.10883580148220062,-0.15000009536743164,-0.15000009536743164,21204713,R1.0697.5199.0,True,2.2256429195404053,1.5937319993972778,5.650000095367432,5.650000095367432
network_injection_00043,21212835,R1.2172.7737.0,neighbor_family_negative,3,2025-01-20T05:29:28.148Z,1737350968.148039,0.0,True,16,True,False,0.0504755899310112,0.10883580148220062,0.20000004768371582,,71567810,R1.2900.11955.0,False,1.1949514150619507,1.5937319993972778,0.6500000953674316,
network_injection_00044,21212835,R1.2172.7737.0,neighbor_family_negative,3,2025-01-20T05:29:28.148Z,1737350968.148039,0.25,False,16,True,True,0.19712699949741364,0.10883580148220062,-0.15000009536743164,-0.15000009536743164,21204713,R1.0697.5199.0,False,1.1945043802261353,1.5937319993972778,0.6500000953674316,
network_injection_00045,21212835,R1.2172.7737.0,neighbor_family_negative,3,2025-01-20T05:29:28.148Z,1737350968.148039,0.5,False,16,True,True,0.3464353382587433,0.10883580148220062,-0.15000009536743164,-0.15000009536743164,21204713,R1.0697.5199.0,False,1.2285891771316528,1.5937319993972778,5.75,
network_injection_00046,21212835,R1.2172.7737.0,neighbor_family_negative,3,2025-01-20T05:29:28.148Z,1737350968.148039,1.0,False,16,True,True,0.5293684601783752,0.10883580148220062,-0.15000009536743164,-0.15000009536743164,21204713,R1.0697.5199.0,False,1.505007266998291,1.5937319993972778,5.349999904632568,
network_injection_00047,21212835,R1.2172.7737.0,neighbor_family_negative,3,2025-01-20T05:29:28.148Z,1737350968.148039,2.0,False,16,True,True,0.6558644771575928,0.10883580148220062,-0.15000009536743164,-0.15000009536743164,21204713,R1.0697.5199.0,True,1.968178153038025,1.5937319993972778,5.349999904632568,5.349999904632568
network_injection_00048,21212835,R1.2172.7737.0,neighbor_family_negative,3,2025-01-20T05:29:28.148Z,1737350968.148039,4.0,False,16,True,True,0.706184446811676,0.10883580148220062,-0.15000009536743164,-0.15000009536743164,21204713,R1.0697.5199.0,True,2.131092071533203,1.5937319993972778,5.400000095367432,5.400000095367432
network_injection_00049,21212835,R1.2172.7737.0,neighbor_family_negative,4,2025-01-20T05:36:13.697Z,1737351373.6976523,0.0,True,16,True,False,0.04164731875061989,0.10883580148220062,-0.8499999046325684,,71908906,R1.2900.11955.0,False,1.1635977029800415,1.5937319993972778,4.700000047683716,
network_injection_00050,21212835,R1.2172.7737.0,neighbor_family_negative,4,2025-01-20T05:36:13.697Z,1737351373.6976523,0.25,False,16,True,True,0.15560506284236908,0.10883580148220062,-0.15000009536743164,-0.15000009536743164,21204713,R1.0697.5199.0,False,1.1984692811965942,1.5937319993972778,4.700000047683716,
network_injection_00051,21212835,R1.2172.7737.0,neighbor_family_negative,4,2025-01-20T05:36:13.697Z,1737351373.6976523,0.5,False,16,True,True,0.2989840805530548,0.10883580148220062,-0.15000009536743164,-0.15000009536743164,21204713,R1.0697.5199.0,False,1.226775050163269,1.5937319993972778,5.25,
network_injection_00052,21212835,R1.2172.7737.0,neighbor_family_negative,4,2025-01-20T05:36:13.697Z,1737351373.6976523,1.0,False,16,True,True,0.4889723062515259,0.10883580148220062,-0.15000009536743164,-0.15000009536743164,21204713,R1.0697.5199.0,False,1.5648072957992554,1.5937319993972778,5.25,
network_injection_00053,21212835,R1.2172.7737.0,neighbor_family_negative,4,2025-01-20T05:36:13.697Z,1737351373.6976523,2.0,False,16,True,True,0.6303465962409973,0.10883580148220062,-0.15000009536743164,-0.15000009536743164,21204713,R1.0697.5199.0,True,2.1834819316864014,1.5937319993972778,5.200000047683716,5.200000047683716
network_injection_00054,21212835,R1.2172.7737.0,neighbor_family_negative,4,2025-01-20T05:36:13.697Z,1737351373.6976523,4.0,False,16,True,True,0.6917800307273865,0.10883580148220062,-0.15000009536743164,-0.15000009536743164,21204713,R1.0697.5199.0,True,2.4648683071136475,1.5937319993972778,5.25,5.25
network_injection_00055,21212835,R1.2172.7737.0,neighbor_family_negative,5,2025-01-20T05:40:13.747Z,1737351613.7474234,0.0,True,16,True,False,0.04270194098353386,0.10883580148220062,-0.20000004768371582,,21204713,R1.0697.5199.0,False,1.2533529996871948,1.5937319993972778,4.799999952316284,
network_injection_00056,21212835,R1.2172.7737.0,neighbor_family_negative,5,2025-01-20T05:40:13.747Z,1737351613.7474234,0.25,False,16,True,True,0.13777990639209747,0.10883580148220062,-0.15000009536743164,-0.15000009536743164,21204713,R1.0697.5199.0,False,1.2936354875564575,1.5937319993972778,4.799999952316284,
network_injection_00057,21212835,R1.2172.7737.0,neighbor_family_negative,5,2025-01-20T05:40:13.747Z,1737351613.7474234,0.5,False,16,True,True,0.28372180461883545,0.10883580148220062,-0.15000009536743164,-0.15000009536743164,21204713,R1.0697.5199.0,False,1.3423866033554077,1.5937319993972778,5.450000047683716,
network_injection_00058,21212835,R1.2172.7737.0,neighbor_family_negative,5,2025-01-20T05:40:13.747Z,1737351613.7474234,1.0,False,16,True,True,0.47902148962020874,0.10883580148220062,-0.15000009536743164,-0.15000009536743164,21204713,R1.0697.5199.0,False,1.459480881690979,1.5937319993972778,5.25,
network_injection_00059,21212835,R1.2172.7737.0,neighbor_family_negative,5,2025-01-20T05:40:13.747Z,1737351613.7474234,2.0,False,16,True,True,0.6348744034767151,0.10883580148220062,-0.15000009536743164,-0.15000009536743164,21204713,R1.0697.5199.0,True,1.8068091869354248,1.5937319993972778,5.400000095367432,5.400000095367432
network_injection_00060,21212835,R1.2172.7737.0,neighbor_family_negative,5,2025-01-20T05:40:13.747Z,1737351613.7474234,4.0,False,16,True,True,0.7032617926597595,0.10883580148220062,-0.15000009536743164,-0.15000009536743164,21204713,R1.0697.5199.0,True,1.9270321130752563,1.5937319993972778,3.25,3.25
network_injection_00061,40220017,R1.3027.11698.0,neighbor_family_negative,1,2025-01-20T04:56:04.449Z,1737348964.44995,0.0,True,26,True,False,0.044230617582798004,0.10883580148220062,0.9500000476837158,,21212835,R1.2172.7737.0,False,1.2150527238845825,1.5937319993972778,6.25,
network_injection_00062,40220017,R1.3027.11698.0,neighbor_family_negative,1,2025-01-20T04:56:04.449Z,1737348964.44995,0.25,False,26,True,True,0.1978621929883957,0.10883580148220062,0.09999990463256836,0.09999990463256836,72154411,R1.2900.11955.0,False,1.2785842418670654,1.5937319993972778,4.349999904632568,
network_injection_00063,40220017,R1.3027.11698.0,neighbor_family_negative,1,2025-01-20T04:56:04.449Z,1737348964.44995,0.5,False,26,True,True,0.3682417571544647,0.10883580148220062,-0.04999995231628418,-0.04999995231628418,51214531,R1.2900.11955.0,False,1.3699238300323486,1.5937319993972778,4.299999952316284,
network_injection_00064,40220017,R1.3027.11698.0,neighbor_family_negative,1,2025-01-20T04:56:04.449Z,1737348964.44995,1.0,False,26,True,True,0.5901983976364136,0.10883580148220062,-0.04999995231628418,-0.04999995231628418,51214531,R1.2900.11955.0,True,2.011528968811035,1.5937319993972778,4.400000095367432,4.400000095367432
network_injection_00065,40220017,R1.3027.11698.0,neighbor_family_negative,1,2025-01-20T04:56:04.449Z,1737348964.44995,2.0,False,26,True,True,0.7609627842903137,0.10883580148220062,-0.04999995231628418,-0.04999995231628418,51214531,R1.2900.11955.0,True,2.2623703479766846,1.5937319993972778,4.450000047683716,4.450000047683716
network_injection_00066,40220017,R1.3027.11698.0,neighbor_family_negative,1,2025-01-20T04:56:04.449Z,1737348964.44995,4.0,False,26,True,True,0.8330630660057068,0.10883580148220062,-0.04999995231628418,-0.04999995231628418,51214531,R1.2900.11955.0,True,2.775707960128784,1.5937319993972778,2.799999952316284,2.799999952316284
network_injection_00067,40220017,R1.3027.11698.0,neighbor_family_negative,2,2025-01-20T05:15:51.898Z,1737350151.8988175,0.0,True,26,True,False,0.04757314547896385,0.10883580148220062,-0.2999999523162842,,21204713,R1.0697.5199.0,False,1.2267879247665405,1.5937319993972778,10.799999952316284,
network_injection_00068,40220017,R1.3027.11698.0,neighbor_family_negative,2,2025-01-20T05:15:51.898Z,1737350151.8988175,0.25,False,26,True,True,0.1951390951871872,0.10883580148220062,0.09999990463256836,0.09999990463256836,72154411,R1.2900.11955.0,False,1.325218677520752,1.5937319993972778,7.799999952316284,
network_injection_00069,40220017,R1.3027.11698.0,neighbor_family_negative,2,2025-01-20T05:15:51.898Z,1737350151.8988175,0.5,False,26,True,True,0.36193299293518066,0.10883580148220062,0.09999990463256836,0.09999990463256836,72154411,R1.2900.11955.0,False,1.3595865964889526,1.5937319993972778,7.75,
network_injection_00070,40220017,R1.3027.11698.0,neighbor_family_negative,2,2025-01-20T05:15:51.898Z,1737350151.8988175,1.0,False,26,True,True,0.5797845721244812,0.10883580148220062,0.09999990463256836,0.09999990463256836,72154411,R1.2900.11955.0,True,1.7994219064712524,1.5937319993972778,5.349999904632568,5.349999904632568
network_injection_00071,40220017,R1.3027.11698.0,neighbor_family_negative,2,2025-01-20T05:15:51.898Z,1737350151.8988175,2.0,False,26,True,True,0.7453117966651917,0.10883580148220062,-0.04999995231628418,-0.04999995231628418,51214531,R1.2900.11955.0,True,2.133312225341797,1.5937319993972778,2.4000000953674316,2.4000000953674316
network_injection_00072,40220017,R1.3027.11698.0,neighbor_family_negative,2,2025-01-20T05:15:51.898Z,1737350151.8988175,4.0,False,26,True,True,0.8194843530654907,0.10883580148220062,-0.04999995231628418,-0.04999995231628418,51214531,R1.2900.11955.0,True,2.9023351669311523,1.5937319993972778,2.75,2.75
network_injection_00073,40220017,R1.3027.11698.0,neighbor_family_negative,3,2025-01-20T05:29:28.148Z,1737350968.148039,0.0,True,26,True,False,0.0504755899310112,0.10883580148220062,0.20000004768371582,,71567810,R1.2900.11955.0,False,1.1949514150619507,1.5937319993972778,0.6500000953674316,
network_injection_00074,40220017,R1.3027.11698.0,neighbor_family_negative,3,2025-01-20T05:29:28.148Z,1737350968.148039,0.25,False,26,True,True,0.2118014693260193,0.10883580148220062,0.09999990463256836,0.09999990463256836,72154411,R1.2900.11955.0,False,1.2190542221069336,1.5937319993972778,5.5,
network_injection_00075,40220017,R1.3027.11698.0,neighbor_family_negative,3,2025-01-20T05:29:28.148Z,1737350968.148039,0.5,False,26,True,True,0.38714033365249634,0.10883580148220062,-0.04999995231628418,-0.04999995231628418,51214531,R1.2900.11955.0,False,1.4650193452835083,1.5937319993972778,4.549999952316284,
network_injection_00076,40220017,R1.3027.11698.0,neighbor_family_negative,3,2025-01-20T05:29:28.148Z,1737350968.148039,1.0,False,26,True,True,0.6039777994155884,0.10883580148220062,-0.04999995231628418,-0.04999995231628418,51214531,R1.2900.11955.0,True,1.672271966934204,1.5937319993972778,5.299999952316284,5.299999952316284
network_injection_00077,40220017,R1.3027.11698.0,neighbor_family_negative,3,2025-01-20T05:29:28.148Z,1737350968.148039,2.0,False,26,True,True,0.7574563026428223,0.10883580148220062,-0.04999995231628418,-0.04999995231628418,51214531,R1.2900.11955.0,True,2.2627501487731934,1.5937319993972778,2.6500000953674316,2.6500000953674316
network_injection_00078,40220017,R1.3027.11698.0,neighbor_family_negative,3,2025-01-20T05:29:28.148Z,1737350968.148039,4.0,False,26,True,True,0.8201058506965637,0.10883580148220062,-0.04999995231628418,-0.04999995231628418,51214531,R1.2900.11955.0,True,2.877276659011841,1.5937319993972778,2.25,2.25
network_injection_00079,40220017,R1.3027.11698.0,neighbor_family_negative,4,2025-01-20T05:36:13.697Z,1737351373.6976523,0.0,True,26,True,False,0.05676957964897156,0.10883580148220062,0.5499999523162842,,21212835,R1.2172.7737.0,False,1.1635977029800415,1.5937319993972778,4.700000047683716,
network_injection_00080,40220017,R1.3027.11698.0,neighbor_family_negative,4,2025-01-20T05:36:13.697Z,1737351373.6976523,0.25,False,26,True,True,0.1908455491065979,0.10883580148220062,-0.04999995231628418,-0.04999995231628418,51214531,R1.2900.11955.0,False,1.196669578552246,1.5937319993972778,4.75,
network_injection_00081,40220017,R1.3027.11698.0,neighbor_family_negative,4,2025-01-20T05:36:13.697Z,1737351373.6976523,0.5,False,26,True,True,0.3572511374950409,0.10883580148220062,-0.04999995231628418,-0.04999995231628418,51214531,R1.2900.11955.0,False,1.402740478515625,1.5937319993972778,5.25,
network_injection_00082,40220017,R1.3027.11698.0,neighbor_family_negative,4,2025-01-20T05:36:13.697Z,1737351373.6976523,1.0,False,26,True,True,0.5749810934066772,0.10883580148220062,-0.04999995231628418,-0.04999995231628418,51214531,R1.2900.11955.0,True,1.8163930177688599,1.5937319993972778,5.349999904632568,5.349999904632568
network_injection_00083,40220017,R1.3027.11698.0,neighbor_family_negative,4,2025-01-20T05:36:13.697Z,1737351373.6976523,2.0,False,26,True,True,0.7460166215896606,0.10883580148220062,-0.04999995231628418,-0.04999995231628418,51214531,R1.2900.11955.0,True,2.1514594554901123,1.5937319993972778,2.299999952316284,2.299999952316284
network_injection_00084,40220017,R1.3027.11698.0,neighbor_family_negative,4,2025-01-20T05:36:13.697Z,1737351373.6976523,4.0,False,26,True,True,0.8173692226409912,0.10883580148220062,-0.04999995231628418,-0.04999995231628418,51214531,R1.2900.11955.0,True,3.0065345764160156,1.5937319993972778,2.25,2.25
network_injection_00085,40220017,R1.3027.11698.0,neighbor_family_negative,5,2025-01-20T05:40:13.747Z,1737351613.7474234,0.0,True,26,True,False,0.05036740377545357,0.10883580148220062,-0.9500000476837158,,21212835,R1.2172.7737.0,False,1.2533529996871948,1.5937319993972778,4.799999952316284,
network_injection_00086,40220017,R1.3027.11698.0,neighbor_family_negative,5,2025-01-20T05:40:13.747Z,1737351613.7474234,0.25,False,26,True,True,0.19669649004936218,0.10883580148220062,-0.04999995231628418,-0.04999995231628418,51214531,R1.2900.11955.0,False,1.2771247625350952,1.5937319993972778,4.950000047683716,
network_injection_00087,40220017,R1.3027.11698.0,neighbor_family_negative,5,2025-01-20T05:40:13.747Z,1737351613.7474234,0.5,False,26,True,True,0.36012551188468933,0.10883580148220062,-0.04999995231628418,-0.04999995231628418,51214531,R1.2900.11955.0,False,1.457161784172058,1.5937319993972778,5.0,
network_injection_00088,40220017,R1.3027.11698.0,neighbor_family_negative,5,2025-01-20T05:40:13.747Z,1737351613.7474234,1.0,False,26,True,True,0.5731332898139954,0.10883580148220062,-0.04999995231628418,-0.04999995231628418,51214531,R1.2900.11955.0,True,1.6824628114700317,1.5937319993972778,4.700000047683716,4.700000047683716
network_injection_00089,40220017,R1.3027.11698.0,neighbor_family_negative,5,2025-01-20T05:40:13.747Z,1737351613.7474234,2.0,False,26,True,True,0.7462276220321655,0.10883580148220062,-0.04999995231628418,-0.04999995231628418,51214531,R1.2900.11955.0,True,2.187932252883911,1.5937319993972778,2.4000000953674316,2.4000000953674316
network_injection_00090,40220017,R1.3027.11698.0,neighbor_family_negative,5,2025-01-20T05:40:13.747Z,1737351613.7474234,4.0,False,26,True,True,0.8249641060829163,0.10883580148220062,-0.04999995231628418,-0.04999995231628418,51214531,R1.2900.11955.0,True,2.83752179145813,1.5937319993972778,2.25,2.25
network_injection_00091,40237728,R1.3027.11698.0,neighbor_family_negative,1,2025-01-20T04:56:04.449Z,1737348964.44995,0.0,True,24,True,False,0.044230617582798004,0.10883580148220062,0.9500000476837158,,21212835,R1.2172.7737.0,False,1.2150527238845825,1.5937319993972778,6.25,
network_injection_00092,40237728,R1.3027.11698.0,neighbor_family_negative,1,2025-01-20T04:56:04.449Z,1737348964.44995,0.25,False,24,True,True,0.20822390913963318,0.10883580148220062,-0.09999990463256836,-0.09999990463256836,51214531,R1.2900.11955.0,False,1.2722558975219727,1.5937319993972778,4.299999952316284,
network_injection_00093,40237728,R1.3027.11698.0,neighbor_family_negative,1,2025-01-20T04:56:04.449Z,1737348964.44995,0.5,False,24,True,True,0.3477640450000763,0.10883580148220062,-0.09999990463256836,-0.09999990463256836,51214531,R1.2900.11955.0,False,1.5208613872528076,1.5937319993972778,4.299999952316284,
network_injection_00094,40237728,R1.3027.11698.0,neighbor_family_negative,1,2025-01-20T04:56:04.449Z,1737348964.44995,1.0,False,24,True,True,0.5294073224067688,0.10883580148220062,-0.09999990463256836,-0.09999990463256836,51214531,R1.2900.11955.0,True,1.7949448823928833,1.5937319993972778,4.349999904632568,4.349999904632568
network_injection_00095,40237728,R1.3027.11698.0,neighbor_family_negative,1,2025-01-20T04:56:04.449Z,1737348964.44995,2.0,False,24,True,True,0.6639575958251953,0.10883580148220062,-0.09999990463256836,-0.09999990463256836,51214531,R1.2900.11955.0,True,2.187025547027588,1.5937319993972778,2.799999952316284,2.799999952316284
network_injection_00096,40237728,R1.3027.11698.0,neighbor_family_negative,1,2025-01-20T04:56:04.449Z,1737348964.44995,4.0,False,24,True,True,0.7243413329124451,0.10883580148220062,-0.09999990463256836,-0.09999990463256836,51214531,R1.2900.11955.0,True,3.002837657928467,1.5937319993972778,2.700000047683716,2.700000047683716
network_injection_00097,40237728,R1.3027.11698.0,neighbor_family_negative,2,2025-01-20T05:15:51.898Z,1737350151.8988175,0.0,True,24,True,False,0.04757314547896385,0.10883580148220062,-0.2999999523162842,,21204713,R1.0697.5199.0,False,1.2267879247665405,1.5937319993972778,10.799999952316284,
network_injection_00098,40237728,R1.3027.11698.0,neighbor_family_negative,2,2025-01-20T05:15:51.898Z,1737350151.8988175,0.25,False,24,True,True,0.1772623211145401,0.10883580148220062,-0.09999990463256836,-0.09999990463256836,51214531,R1.2900.11955.0,False,1.2201368808746338,1.5937319993972778,9.950000047683716,
network_injection_00099,40237728,R1.3027.11698.0,neighbor_family_negative,2,2025-01-20T05:15:51.898Z,1737350151.8988175,0.5,False,24,True,True,0.32341066002845764,0.10883580148220062,-0.09999990463256836,-0.09999990463256836,51214531,R1.2900.11955.0,False,1.2888952493667603,1.5937319993972778,9.849999904632568,
network_injection_00100,40237728,R1.3027.11698.0,neighbor_family_negative,2,2025-01-20T05:15:51.898Z,1737350151.8988175,1.0,False,24,True,True,0.5096245408058167,0.10883580148220062,-0.09999990463256836,-0.09999990463256836,51214531,R1.2900.11955.0,True,1.6304339170455933,1.5937319993972778,5.549999952316284,5.549999952316284
network_injection_00101,40237728,R1.3027.11698.0,neighbor_family_negative,2,2025-01-20T05:15:51.898Z,1737350151.8988175,2.0,False,24,True,True,0.6595128178596497,0.10883580148220062,-0.09999990463256836,-0.09999990463256836,51214531,R1.2900.11955.0,True,1.9439170360565186,1.5937319993972778,4.5,4.5
network_injection_00102,40237728,R1.3027.11698.0,neighbor_family_negative,2,2025-01-20T05:15:51.898Z,1737350151.8988175,4.0,False,24,True,True,0.7270597815513611,0.10883580148220062,-0.09999990463256836,-0.09999990463256836,51214531,R1.2900.11955.0,True,2.7876181602478027,1.5937319993972778,2.6500000953674316,2.6500000953674316
network_injection_00103,40237728,R1.3027.11698.0,neighbor_family_negative,3,2025-01-20T05:29:28.148Z,1737350968.148039,0.0,True,24,True,False,0.0504755899310112,0.10883580148220062,0.20000004768371582,,71567810,R1.2900.11955.0,False,1.1949514150619507,1.5937319993972778,0.6500000953674316,
network_injection_00104,40237728,R1.3027.11698.0,neighbor_family_negative,3,2025-01-20T05:29:28.148Z,1737350968.148039,0.25,False,24,True,True,0.18638746440410614,0.10883580148220062,-0.09999990463256836,-0.09999990463256836,51214531,R1.2900.11955.0,False,1.195178508758545,1.5937319993972778,0.6500000953674316,
network_injection_00105,40237728,R1.3027.11698.0,neighbor_family_negative,3,2025-01-20T05:29:28.148Z,1737350968.148039,0.5,False,24,True,True,0.3388211131095886,0.10883580148220062,-0.09999990463256836,-0.09999990463256836,51214531,R1.2900.11955.0,False,1.2795149087905884,1.5937319993972778,4.700000047683716,
network_injection_00106,40237728,R1.3027.11698.0,neighbor_family_negative,3,2025-01-20T05:29:28.148Z,1737350968.148039,1.0,False,24,True,True,0.5291197299957275,0.10883580148220062,-0.09999990463256836,-0.09999990463256836,51214531,R1.2900.11955.0,True,1.6709613800048828,1.5937319993972778,4.549999952316284,4.549999952316284
network_injection_00107,40237728,R1.3027.11698.0,neighbor_family_negative,3,2025-01-20T05:29:28.148Z,1737350968.148039,2.0,False,24,True,True,0.6656712889671326,0.10883580148220062,-0.09999990463256836,-0.09999990463256836,51214531,R1.2900.11955.0,True,2.08063006401062,1.5937319993972778,2.9000000953674316,2.9000000953674316
network_injection_00108,40237728,R1.3027.11698.0,neighbor_family_negative,3,2025-01-20T05:29:28.148Z,1737350968.148039,4.0,False,24,True,True,0.7187297344207764,0.10883580148220062,-0.09999990463256836,-0.09999990463256836,51214531,R1.2900.11955.0,True,2.883430242538452,1.5937319993972778,2.6500000953674316,2.6500000953674316
network_injection_00109,40237728,R1.3027.11698.0,neighbor_family_negative,4,2025-01-20T05:36:13.697Z,1737351373.6976523,0.0,True,24,True,False,0.05676957964897156,0.10883580148220062,0.5499999523162842,,21212835,R1.2172.7737.0,False,1.1635977029800415,1.5937319993972778,4.700000047683716,
network_injection_00110,40237728,R1.3027.11698.0,neighbor_family_negative,4,2025-01-20T05:36:13.697Z,1737351373.6976523,0.25,False,24,True,True,0.14768993854522705,0.10883580148220062,-0.09999990463256836,-0.09999990463256836,51214531,R1.2900.11955.0,False,1.2049672603607178,1.5937319993972778,2.6500000953674316,
network_injection_00111,40237728,R1.3027.11698.0,neighbor_family_negative,4,2025-01-20T05:36:13.697Z,1737351373.6976523,0.5,False,24,True,True,0.2965509295463562,0.10883580148220062,-0.09999990463256836,-0.09999990463256836,51214531,R1.2900.11955.0,False,1.3637570142745972,1.5937319993972778,5.049999952316284,
network_injection_00112,40237728,R1.3027.11698.0,neighbor_family_negative,4,2025-01-20T05:36:13.697Z,1737351373.6976523,1.0,False,24,True,True,0.4979322850704193,0.10883580148220062,-0.09999990463256836,-0.09999990463256836,51214531,R1.2900.11955.0,True,1.7041151523590088,1.5937319993972778,5.25,5.25
network_injection_00113,40237728,R1.3027.11698.0,neighbor_family_negative,4,2025-01-20T05:36:13.697Z,1737351373.6976523,2.0,False,24,True,True,0.6558560729026794,0.10883580148220062,-0.09999990463256836,-0.09999990463256836,51214531,R1.2900.11955.0,True,2.2264492511749268,1.5937319993972778,5.25,5.25
network_injection_00114,40237728,R1.3027.11698.0,neighbor_family_negative,4,2025-01-20T05:36:13.697Z,1737351373.6976523,4.0,False,24,True,True,0.7261238098144531,0.10883580148220062,-0.09999990463256836,-0.09999990463256836,51214531,R1.2900.11955.0,True,2.7550625801086426,1.5937319993972778,2.799999952316284,2.799999952316284
network_injection_00115,40237728,R1.3027.11698.0,neighbor_family_negative,5,2025-01-20T05:40:13.747Z,1737351613.7474234,0.0,True,24,True,False,0.05036740377545357,0.10883580148220062,-0.9500000476837158,,21212835,R1.2172.7737.0,False,1.2533529996871948,1.5937319993972778,4.799999952316284,
network_injection_00116,40237728,R1.3027.11698.0,neighbor_family_negative,5,2025-01-20T05:40:13.747Z,1737351613.7474234,0.25,False,24,True,True,0.1722523272037506,0.10883580148220062,-0.09999990463256836,-0.09999990463256836,51214531,R1.2900.11955.0,False,1.3183114528656006,1.5937319993972778,4.849999904632568,
network_injection_00117,40237728,R1.3027.11698.0,neighbor_family_negative,5,2025-01-20T05:40:13.747Z,1737351613.7474234,0.5,False,24,True,True,0.3134159743785858,0.10883580148220062,-0.09999990463256836,-0.09999990463256836,51214531,R1.2900.11955.0,False,1.4285240173339844,1.5937319993972778,4.299999952316284,
network_injection_00118,40237728,R1.3027.11698.0,neighbor_family_negative,5,2025-01-20T05:40:13.747Z,1737351613.7474234,1.0,False,24,True,True,0.5053712129592896,0.10883580148220062,-0.09999990463256836,-0.09999990463256836,51214531,R1.2900.11955.0,True,1.8096295595169067,1.5937319993972778,5.299999952316284,5.299999952316284
network_injection_00119,40237728,R1.3027.11698.0,neighbor_family_negative,5,2025-01-20T05:40:13.747Z,1737351613.7474234,2.0,False,24,True,True,0.6558773517608643,0.10883580148220062,-0.09999990463256836,-0.09999990463256836,51214531,R1.2900.11955.0,True,2.072275400161743,1.5937319993972778,4.349999904632568,4.349999904632568
network_injection_00120,40237728,R1.3027.11698.0,neighbor_family_negative,5,2025-01-20T05:40:13.747Z,1737351613.7474234,4.0,False,24,True,True,0.7228037118911743,0.10883580148220062,-0.09999990463256836,-0.09999990463256836,51214531,R1.2900.11955.0,True,2.632498264312744,1.5937319993972778,2.799999952316284,2.799999952316284
network_injection_00121,51214531,R1.2900.11955.0,target_positive,1,2025-01-20T04:56:04.449Z,1737348964.44995,0.0,True,25,True,False,0.044230617582798004,0.10883580148220062,0.9500000476837158,,21212835,R1.2172.7737.0,False,1.2150527238845825,1.5937319993972778,6.25,
network_injection_00122,51214531,R1.2900.11955.0,target_positive,1,2025-01-20T04:56:04.449Z,1737348964.44995,0.25,False,25,True,True,0.2100507915019989,0.10883580148220062,0.15000009536743164,0.15000009536743164,72154411,R1.2900.11955.0,False,1.2190989255905151,1.5937319993972778,5.400000095367432,
network_injection_00123,51214531,R1.2900.11955.0,target_positive,1,2025-01-20T04:56:04.449Z,1737348964.44995,0.5,False,25,True,True,0.3757678270339966,0.10883580148220062,0.15000009536743164,0.15000009536743164,72154411,R1.2900.11955.0,False,1.4004061222076416,1.5937319993972778,4.349999904632568,
network_injection_00124,51214531,R1.2900.11955.0,target_positive,1,2025-01-20T04:56:04.449Z,1737348964.44995,1.0,False,25,True,True,0.5891535878181458,0.10883580148220062,0.15000009536743164,0.15000009536743164,72154411,R1.2900.11955.0,True,1.927799105644226,1.5937319993972778,4.450000047683716,4.450000047683716
network_injection_00125,51214531,R1.2900.11955.0,target_positive,1,2025-01-20T04:56:04.449Z,1737348964.44995,2.0,False,25,True,True,0.7564342021942139,0.10883580148220062,0.15000009536743164,0.15000009536743164,72154411,R1.2900.11955.0,True,2.16508150100708,1.5937319993972778,4.5,4.5
network_injection_00126,51214531,R1.2900.11955.0,target_positive,1,2025-01-20T04:56:04.449Z,1737348964.44995,4.0,False,25,True,True,0.8327434659004211,0.10883580148220062,0.15000009536743164,0.15000009536743164,72154411,R1.2900.11955.0,True,2.993988513946533,1.5937319993972778,2.8499999046325684,2.8499999046325684
network_injection_00127,51214531,R1.2900.11955.0,target_positive,2,2025-01-20T05:15:51.898Z,1737350151.8988175,0.0,True,25,True,False,0.04757314547896385,0.10883580148220062,-0.2999999523162842,,21204713,R1.0697.5199.0,False,1.2267879247665405,1.5937319993972778,10.799999952316284,
network_injection_00128,51214531,R1.2900.11955.0,target_positive,2,2025-01-20T05:15:51.898Z,1737350151.8988175,0.25,False,25,True,True,0.20285511016845703,0.10883580148220062,0.04999995231628418,0.04999995231628418,40220017,R1.3027.11698.0,False,1.2009272575378418,1.5937319993972778,5.799999952316284,
network_injection_00129,51214531,R1.2900.11955.0,target_positive,2,2025-01-20T05:15:51.898Z,1737350151.8988175,0.5,False,25,True,True,0.3738722801208496,0.10883580148220062,0.15000009536743164,0.15000009536743164,72154411,R1.2900.11955.0,False,1.3138788938522339,1.5937319993972778,4.599999904632568,
network_injection_00130,51214531,R1.2900.11955.0,target_positive,2,2025-01-20T05:15:51.898Z,1737350151.8988175,1.0,False,25,True,True,0.5959984064102173,0.10883580148220062,0.15000009536743164,0.15000009536743164,72154411,R1.2900.11955.0,True,1.64249587059021,1.5937319993972778,4.5,4.5
network_injection_00131,51214531,R1.2900.11955.0,target_positive,2,2025-01-20T05:15:51.898Z,1737350151.8988175,2.0,False,25,True,True,0.7583843469619751,0.10883580148220062,0.15000009536743164,0.15000009536743164,72154411,R1.2900.11955.0,True,2.31573748588562,1.5937319993972778,2.450000047683716,2.450000047683716
network_injection_00132,51214531,R1.2900.11955.0,target_positive,2,2025-01-20T05:15:51.898Z,1737350151.8988175,4.0,False,25,True,True,0.8254751563072205,0.10883580148220062,0.15000009536743164,0.15000009536743164,72154411,R1.2900.11955.0,True,2.9171741008758545,1.5937319993972778,2.299999952316284,2.299999952316284
network_injection_00133,51214531,R1.2900.11955.0,target_positive,3,2025-01-20T05:29:28.148Z,1737350968.148039,0.0,True,25,True,False,0.0504755899310112,0.10883580148220062,0.20000004768371582,,71567810,R1.2900.11955.0,False,1.1949514150619507,1.5937319993972778,0.6500000953674316,
network_injection_00134,51214531,R1.2900.11955.0,target_positive,3,2025-01-20T05:29:28.148Z,1737350968.148039,0.25,False,25,True,True,0.23309746384620667,0.10883580148220062,0.04999995231628418,0.04999995231628418,40220017,R1.3027.11698.0,False,1.1944763660430908,1.5937319993972778,0.6500000953674316,
network_injection_00135,51214531,R1.2900.11955.0,target_positive,3,2025-01-20T05:29:28.148Z,1737350968.148039,0.5,False,25,True,True,0.4024687707424164,0.10883580148220062,0.04999995231628418,0.04999995231628418,40220017,R1.3027.11698.0,False,1.3070647716522217,1.5937319993972778,4.599999904632568,
network_injection_00136,51214531,R1.2900.11955.0,target_positive,3,2025-01-20T05:29:28.148Z,1737350968.148039,1.0,False,25,True,True,0.6165705323219299,0.10883580148220062,0.15000009536743164,0.15000009536743164,72154411,R1.2900.11955.0,True,1.6870406866073608,1.5937319993972778,4.700000047683716,4.700000047683716
network_injection_00137,51214531,R1.2900.11955.0,target_positive,3,2025-01-20T05:29:28.148Z,1737350968.148039,2.0,False,25,True,True,0.7728233933448792,0.10883580148220062,0.15000009536743164,0.15000009536743164,72154411,R1.2900.11955.0,True,2.2327816486358643,1.5937319993972778,2.4000000953674316,2.4000000953674316
network_injection_00138,51214531,R1.2900.11955.0,target_positive,3,2025-01-20T05:29:28.148Z,1737350968.148039,4.0,False,25,True,True,0.839924156665802,0.10883580148220062,0.15000009536743164,0.15000009536743164,72154411,R1.2900.11955.0,True,2.9173052310943604,1.5937319993972778,2.299999952316284,2.299999952316284
network_injection_00139,51214531,R1.2900.11955.0,target_positive,4,2025-01-20T05:36:13.697Z,1737351373.6976523,0.0,True,25,True,False,0.05676957964897156,0.10883580148220062,0.5499999523162842,,21212835,R1.2172.7737.0,False,1.1635977029800415,1.5937319993972778,4.700000047683716,
network_injection_00140,51214531,R1.2900.11955.0,target_positive,4,2025-01-20T05:36:13.697Z,1737351373.6976523,0.25,False,25,True,True,0.20898450911045074,0.10883580148220062,0.15000009536743164,0.15000009536743164,72154411,R1.2900.11955.0,False,1.2463780641555786,1.5937319993972778,4.700000047683716,
network_injection_00141,51214531,R1.2900.11955.0,target_positive,4,2025-01-20T05:36:13.697Z,1737351373.6976523,0.5,False,25,True,True,0.376155823469162,0.10883580148220062,0.15000009536743164,0.15000009536743164,72154411,R1.2900.11955.0,False,1.4028123617172241,1.5937319993972778,5.099999904632568,
network_injection_00142,51214531,R1.2900.11955.0,target_positive,4,2025-01-20T05:36:13.697Z,1737351373.6976523,1.0,False,25,True,True,0.595533549785614,0.10883580148220062,0.15000009536743164,0.15000009536743164,72154411,R1.2900.11955.0,True,1.7519564628601074,1.5937319993972778,5.049999952316284,5.049999952316284
network_injection_00143,51214531,R1.2900.11955.0,target_positive,4,2025-01-20T05:36:13.697Z,1737351373.6976523,2.0,False,25,True,True,0.7563276290893555,0.10883580148220062,0.15000009536743164,0.15000009536743164,72154411,R1.2900.11955.0,True,2.090881586074829,1.5937319993972778,2.299999952316284,2.299999952316284
network_injection_00144,51214531,R1.2900.11955.0,target_positive,4,2025-01-20T05:36:13.697Z,1737351373.6976523,4.0,False,25,True,True,0.8252578973770142,0.10883580148220062,0.15000009536743164,0.15000009536743164,72154411,R1.2900.11955.0,True,2.899197816848755,1.5937319993972778,2.25,2.25
network_injection_00145,51214531,R1.2900.11955.0,target_positive,5,2025-01-20T05:40:13.747Z,1737351613.7474234,0.0,True,25,True,False,0.05036740377545357,0.10883580148220062,-0.9500000476837158,,21212835,R1.2172.7737.0,False,1.2533529996871948,1.5937319993972778,4.799999952316284,
network_injection_00146,51214531,R1.2900.11955.0,target_positive,5,2025-01-20T05:40:13.747Z,1737351613.7474234,0.25,False,25,True,True,0.1819852590560913,0.10883580148220062,0.04999995231628418,0.04999995231628418,40220017,R1.3027.11698.0,False,1.2751080989837646,1.5937319993972778,4.799999952316284,
network_injection_00147,51214531,R1.2900.11955.0,target_positive,5,2025-01-20T05:40:13.747Z,1737351613.7474234,0.5,False,25,True,True,0.3419698476791382,0.10883580148220062,0.15000009536743164,0.15000009536743164,72154411,R1.2900.11955.0,False,1.4106093645095825,1.5937319993972778,4.349999904632568,
network_injection_00148,51214531,R1.2900.11955.0,target_positive,5,2025-01-20T05:40:13.747Z,1737351613.7474234,1.0,False,25,True,True,0.561240553855896,0.10883580148220062,0.15000009536743164,0.15000009536743164,72154411,R1.2900.11955.0,True,1.5972411632537842,1.5937319993972778,4.900000095367432,4.900000095367432
network_injection_00149,51214531,R1.2900.11955.0,target_positive,5,2025-01-20T05:40:13.747Z,1737351613.7474234,2.0,False,25,True,True,0.7369092702865601,0.10883580148220062,0.15000009536743164,0.15000009536743164,72154411,R1.2900.11955.0,True,2.154057025909424,1.5937319993972778,2.4000000953674316,2.4000000953674316
network_injection_00150,51214531,R1.2900.11955.0,target_positive,5,2025-01-20T05:40:13.747Z,1737351613.7474234,4.0,False,25,True,True,0.8157432675361633,0.10883580148220062,0.15000009536743164,0.15000009536743164,72154411,R1.2900.11955.0,True,2.899808645248413,1.5937319993972778,2.299999952316284,2.299999952316284
network_injection_00151,71325295,R1.2900.11955.0,target_positive,1,2025-01-20T04:56:04.449Z,1737348964.44995,0.0,True,26,True,False,0.044230617582798004,0.10883580148220062,0.9500000476837158,,21212835,R1.2172.7737.0,False,1.2150527238845825,1.5937319993972778,6.25,
network_injection_00152,71325295,R1.2900.11955.0,target_positive,1,2025-01-20T04:56:04.449Z,1737348964.44995,0.25,False,26,True,True,0.17786800861358643,0.10883580148220062,0.09999990463256836,0.09999990463256836,72154411,R1.2900.11955.0,False,1.2115685939788818,1.5937319993972778,4.349999904632568,
network_injection_00153,71325295,R1.2900.11955.0,target_positive,1,2025-01-20T04:56:04.449Z,1737348964.44995,0.5,False,26,True,True,0.34123069047927856,0.10883580148220062,0.09999990463256836,0.09999990463256836,71908906,R1.2900.11955.0,False,1.3394625186920166,1.5937319993972778,2.6500000953674316,
network_injection_00154,71325295,R1.2900.11955.0,target_positive,1,2025-01-20T04:56:04.449Z,1737348964.44995,1.0,False,26,True,True,0.5576287508010864,0.10883580148220062,0.09999990463256836,0.09999990463256836,71908906,R1.2900.11955.0,True,2.0175230503082275,1.5937319993972778,4.400000095367432,4.400000095367432
network_injection_00155,71325295,R1.2900.11955.0,target_positive,1,2025-01-20T04:56:04.449Z,1737348964.44995,2.0,False,26,True,True,0.7312453985214233,0.10883580148220062,0.09999990463256836,0.09999990463256836,71908906,R1.2900.11955.0,True,2.3210463523864746,1.5937319993972778,4.450000047683716,4.450000047683716
network_injection_00156,71325295,R1.2900.11955.0,target_positive,1,2025-01-20T04:56:04.449Z,1737348964.44995,4.0,False,26,True,True,0.8042470216751099,0.10883580148220062,0.09999990463256836,0.09999990463256836,71908906,R1.2900.11955.0,True,2.7427515983581543,1.5937319993972778,2.799999952316284,2.799999952316284
network_injection_00157,71325295,R1.2900.11955.0,target_positive,2,2025-01-20T05:15:51.898Z,1737350151.8988175,0.0,True,26,True,False,0.04757314547896385,0.10883580148220062,-0.2999999523162842,,21204713,R1.0697.5199.0,False,1.2267879247665405,1.5937319993972778,10.799999952316284,
network_injection_00158,71325295,R1.2900.11955.0,target_positive,2,2025-01-20T05:15:51.898Z,1737350151.8988175,0.25,False,26,True,True,0.2104300558567047,0.10883580148220062,-0.15000009536743164,-0.15000009536743164,21204713,R1.0697.5199.0,False,1.2599706649780273,1.5937319993972778,7.799999952316284,
network_injection_00159,71325295,R1.2900.11955.0,target_positive,2,2025-01-20T05:15:51.898Z,1737350151.8988175,0.5,False,26,True,True,0.36943745613098145,0.10883580148220062,0.09999990463256836,0.09999990463256836,71908906,R1.2900.11955.0,False,1.3563451766967773,1.5937319993972778,7.75,
network_injection_00160,71325295,R1.2900.11955.0,target_positive,2,2025-01-20T05:15:51.898Z,1737350151.8988175,1.0,False,26,True,True,0.5842158794403076,0.10883580148220062,0.09999990463256836,0.09999990463256836,71908906,R1.2900.11955.0,False,1.4963704347610474,1.5937319993972778,5.5,
network_injection_00161,71325295,R1.2900.11955.0,target_positive,2,2025-01-20T05:15:51.898Z,1737350151.8988175,2.0,False,26,True,True,0.7450905442237854,0.10883580148220062,0.09999990463256836,0.09999990463256836,71908906,R1.2900.11955.0,True,2.120786428451538,1.5937319993972778,4.900000095367432,4.900000095367432
network_injection_00162,71325295,R1.2900.11955.0,target_positive,2,2025-01-20T05:15:51.898Z,1737350151.8988175,4.0,False,26,True,True,0.8148288130760193,0.10883580148220062,0.09999990463256836,0.09999990463256836,71908906,R1.2900.11955.0,True,2.8604681491851807,1.5937319993972778,2.75,2.75
network_injection_00163,71325295,R1.2900.11955.0,target_positive,3,2025-01-20T05:29:28.148Z,1737350968.148039,0.0,True,26,True,False,0.0504755899310112,0.10883580148220062,0.20000004768371582,,71567810,R1.2900.11955.0,False,1.1949514150619507,1.5937319993972778,0.6500000953674316,
network_injection_00164,71325295,R1.2900.11955.0,target_positive,3,2025-01-20T05:29:28.148Z,1737350968.148039,0.25,False,26,True,True,0.22502762079238892,0.10883580148220062,0.09999990463256836,0.09999990463256836,71908906,R1.2900.11955.0,False,1.196610927581787,1.5937319993972778,5.5,
network_injection_00165,71325295,R1.2900.11955.0,target_positive,3,2025-01-20T05:29:28.148Z,1737350968.148039,0.5,False,26,True,True,0.4025234878063202,0.10883580148220062,0.09999990463256836,0.09999990463256836,71908906,R1.2900.11955.0,False,1.3881456851959229,1.5937319993972778,4.549999952316284,
network_injection_00166,71325295,R1.2900.11955.0,target_positive,3,2025-01-20T05:29:28.148Z,1737350968.148039,1.0,False,26,True,True,0.6157044768333435,0.10883580148220062,0.09999990463256836,0.09999990463256836,71908906,R1.2900.11955.0,True,1.6421209573745728,1.5937319993972778,2.6500000953674316,2.6500000953674316
network_injection_00167,71325295,R1.2900.11955.0,target_positive,3,2025-01-20T05:29:28.148Z,1737350968.148039,2.0,False,26,True,True,0.761478066444397,0.10883580148220062,0.09999990463256836,0.09999990463256836,71908906,R1.2900.11955.0,True,2.1988837718963623,1.5937319993972778,2.549999952316284,2.549999952316284
network_injection_00168,71325295,R1.2900.11955.0,target_positive,3,2025-01-20T05:29:28.148Z,1737350968.148039,4.0,False,26,True,True,0.8166370987892151,0.10883580148220062,0.09999990463256836,0.09999990463256836,71908906,R1.2900.11955.0,True,2.9339921474456787,1.5937319993972778,2.25,2.25
network_injection_00169,71325295,R1.2900.11955.0,target_positive,4,2025-01-20T05:36:13.697Z,1737351373.6976523,0.0,True,26,True,False,0.05676957964897156,0.10883580148220062,0.5499999523162842,,21212835,R1.2172.7737.0,False,1.1635977029800415,1.5937319993972778,4.700000047683716,
network_injection_00170,71325295,R1.2900.11955.0,target_positive,4,2025-01-20T05:36:13.697Z,1737351373.6976523,0.25,False,26,True,True,0.18974792957305908,0.10883580148220062,0.09999990463256836,0.09999990463256836,71908906,R1.2900.11955.0,False,1.1953107118606567,1.5937319993972778,4.75,
network_injection_00171,71325295,R1.2900.11955.0,target_positive,4,2025-01-20T05:36:13.697Z,1737351373.6976523,0.5,False,26,True,True,0.3546643555164337,0.10883580148220062,0.09999990463256836,0.09999990463256836,71908906,R1.2900.11955.0,False,1.3081862926483154,1.5937319993972778,4.849999904632568,
network_injection_00172,71325295,R1.2900.11955.0,target_positive,4,2025-01-20T05:36:13.697Z,1737351373.6976523,1.0,False,26,True,True,0.5731178522109985,0.10883580148220062,0.09999990463256836,0.09999990463256836,71908906,R1.2900.11955.0,False,1.5303326845169067,1.5937319993972778,2.4000000953674316,
network_injection_00173,71325295,R1.2900.11955.0,target_positive,4,2025-01-20T05:36:13.697Z,1737351373.6976523,2.0,False,26,True,True,0.7394499182701111,0.10883580148220062,0.09999990463256836,0.09999990463256836,71908906,R1.2900.11955.0,True,2.1395952701568604,1.5937319993972778,2.200000047683716,2.200000047683716
network_injection_00174,71325295,R1.2900.11955.0,target_positive,4,2025-01-20T05:36:13.697Z,1737351373.6976523,4.0,False,26,True,True,0.8156918287277222,0.10883580148220062,0.09999990463256836,0.09999990463256836,71908906,R1.2900.11955.0,True,2.9533846378326416,1.5937319993972778,2.25,2.25
network_injection_00175,71325295,R1.2900.11955.0,target_positive,5,2025-01-20T05:40:13.747Z,1737351613.7474234,0.0,True,26,True,False,0.05036740377545357,0.10883580148220062,-0.9500000476837158,,21212835,R1.2172.7737.0,False,1.2533529996871948,1.5937319993972778,4.799999952316284,
network_injection_00176,71325295,R1.2900.11955.0,target_positive,5,2025-01-20T05:40:13.747Z,1737351613.7474234,0.25,False,26,True,True,0.17615200579166412,0.10883580148220062,0.09999990463256836,0.09999990463256836,72154411,R1.2900.11955.0,False,1.293918490409851,1.5937319993972778,4.5,
network_injection_00177,71325295,R1.2900.11955.0,target_positive,5,2025-01-20T05:40:13.747Z,1737351613.7474234,0.5,False,26,True,True,0.33229774236679077,0.10883580148220062,0.09999990463256836,0.09999990463256836,71908906,R1.2900.11955.0,False,1.491628646850586,1.5937319993972778,5.0,
network_injection_00178,71325295,R1.2900.11955.0,target_positive,5,2025-01-20T05:40:13.747Z,1737351613.7474234,1.0,False,26,True,True,0.5498058795928955,0.10883580148220062,0.09999990463256836,0.09999990463256836,71908906,R1.2900.11955.0,True,1.764409065246582,1.5937319993972778,4.75,4.75
network_injection_00179,71325295,R1.2900.11955.0,target_positive,5,2025-01-20T05:40:13.747Z,1737351613.7474234,2.0,False,26,True,True,0.7258092761039734,0.10883580148220062,0.09999990463256836,0.09999990463256836,71908906,R1.2900.11955.0,True,2.2009570598602295,1.5937319993972778,4.799999952316284,4.799999952316284
network_injection_00180,71325295,R1.2900.11955.0,target_positive,5,2025-01-20T05:40:13.747Z,1737351613.7474234,4.0,False,26,True,True,0.8059373497962952,0.10883580148220062,0.09999990463256836,0.09999990463256836,71908906,R1.2900.11955.0,True,2.8515350818634033,1.5937319993972778,2.75,2.75
network_injection_00181,71567810,R1.2900.11955.0,target_positive,1,2025-01-20T04:56:04.449Z,1737348964.44995,0.0,True,27,True,False,0.044230617582798004,0.10883580148220062,0.9500000476837158,,21212835,R1.2172.7737.0,False,1.2150527238845825,1.5937319993972778,6.25,
network_injection_00182,71567810,R1.2900.11955.0,target_positive,1,2025-01-20T04:56:04.449Z,1737348964.44995,0.25,False,27,True,True,0.19220146536827087,0.10883580148220062,-0.04999995231628418,-0.04999995231628418,51214531,R1.2900.11955.0,False,1.2116239070892334,1.5937319993972778,6.299999952316284,
network_injection_00183,71567810,R1.2900.11955.0,target_positive,1,2025-01-20T04:56:04.449Z,1737348964.44995,0.5,False,27,True,True,0.35619816184043884,0.10883580148220062,-0.04999995231628418,-0.04999995231628418,51214531,R1.2900.11955.0,False,1.3269116878509521,1.5937319993972778,2.5,
network_injection_00184,71567810,R1.2900.11955.0,target_positive,1,2025-01-20T04:56:04.449Z,1737348964.44995,1.0,False,27,True,True,0.5791025757789612,0.10883580148220062,0.09999990463256836,0.09999990463256836,71908906,R1.2900.11955.0,True,1.6500898599624634,1.5937319993972778,2.5999999046325684,2.5999999046325684
network_injection_00185,71567810,R1.2900.11955.0,target_positive,1,2025-01-20T04:56:04.449Z,1737348964.44995,2.0,False,27,True,True,0.7606620788574219,0.10883580148220062,0.09999990463256836,0.09999990463256836,71908906,R1.2900.11955.0,True,2.2503674030303955,1.5937319993972778,2.3499999046325684,2.3499999046325684
network_injection_00186,71567810,R1.2900.11955.0,target_positive,1,2025-01-20T04:56:04.449Z,1737348964.44995,4.0,False,27,True,True,0.8422091007232666,0.10883580148220062,0.09999990463256836,0.09999990463256836,71908906,R1.2900.11955.0,True,2.792137861251831,1.5937319993972778,2.799999952316284,2.799999952316284
network_injection_00187,71567810,R1.2900.11955.0,target_positive,2,2025-01-20T05:15:51.898Z,1737350151.8988175,0.0,True,27,True,False,0.04757314547896385,0.10883580148220062,-0.2999999523162842,,21204713,R1.0697.5199.0,False,1.2267879247665405,1.5937319993972778,10.799999952316284,
network_injection_00188,71567810,R1.2900.11955.0,target_positive,2,2025-01-20T05:15:51.898Z,1737350151.8988175,0.25,False,27,True,True,0.21699945628643036,0.10883580148220062,0.09999990463256836,0.09999990463256836,71908906,R1.2900.11955.0,False,1.3153254985809326,1.5937319993972778,7.799999952316284,
network_injection_00189,71567810,R1.2900.11955.0,target_positive,2,2025-01-20T05:15:51.898Z,1737350151.8988175,0.5,False,27,True,True,0.39262887835502625,0.10883580148220062,0.09999990463256836,0.09999990463256836,71908906,R1.2900.11955.0,False,1.32194185256958,1.5937319993972778,5.150000095367432,
network_injection_00190,71567810,R1.2900.11955.0,target_positive,2,2025-01-20T05:15:51.898Z,1737350151.8988175,1.0,False,27,True,True,0.6193195581436157,0.10883580148220062,0.09999990463256836,0.09999990463256836,71908906,R1.2900.11955.0,True,1.7763289213180542,1.5937319993972778,5.299999952316284,5.299999952316284
network_injection_00191,71567810,R1.2900.11955.0,target_positive,2,2025-01-20T05:15:51.898Z,1737350151.8988175,2.0,False,27,True,True,0.7810147404670715,0.10883580148220062,0.09999990463256836,0.09999990463256836,71908906,R1.2900.11955.0,True,2.07096791267395,1.5937319993972778,2.4000000953674316,2.4000000953674316
network_injection_00192,71567810,R1.2900.11955.0,target_positive,2,2025-01-20T05:15:51.898Z,1737350151.8988175,4.0,False,27,True,True,0.8492856621742249,0.10883580148220062,0.09999990463256836,0.09999990463256836,71908906,R1.2900.11955.0,True,2.863528251647949,1.5937319993972778,2.799999952316284,2.799999952316284
network_injection_00193,71567810,R1.2900.11955.0,target_positive,3,2025-01-20T05:29:28.148Z,1737350968.148039,0.0,True,27,True,False,0.04871682450175285,0.10883580148220062,0.20000004768371582,,71325295,R1.2900.11955.0,False,1.1949514150619507,1.5937319993972778,0.6500000953674316,
network_injection_00194,71567810,R1.2900.11955.0,target_positive,3,2025-01-20T05:29:28.148Z,1737350968.148039,0.25,False,27,True,True,0.2213628888130188,0.10883580148220062,0.09999990463256836,0.09999990463256836,71908906,R1.2900.11955.0,False,1.2175315618515015,1.5937319993972778,5.5,
network_injection_00195,71567810,R1.2900.11955.0,target_positive,3,2025-01-20T05:29:28.148Z,1737350968.148039,0.5,False,27,True,True,0.41427934169769287,0.10883580148220062,0.09999990463256836,0.09999990463256836,71908906,R1.2900.11955.0,False,1.325075626373291,1.5937319993972778,5.599999904632568,
network_injection_00196,71567810,R1.2900.11955.0,target_positive,3,2025-01-20T05:29:28.148Z,1737350968.148039,1.0,False,27,True,True,0.6417494416236877,0.10883580148220062,0.09999990463256836,0.09999990463256836,71908906,R1.2900.11955.0,True,1.67231285572052,1.5937319993972778,5.25,5.25
network_injection_00197,71567810,R1.2900.11955.0,target_positive,3,2025-01-20T05:29:28.148Z,1737350968.148039,2.0,False,27,True,True,0.7958465814590454,0.10883580148220062,0.09999990463256836,0.09999990463256836,71908906,R1.2900.11955.0,True,2.258091926574707,1.5937319993972778,2.5,2.5
network_injection_00198,71567810,R1.2900.11955.0,target_positive,3,2025-01-20T05:29:28.148Z,1737350968.148039,4.0,False,27,True,True,0.854412317276001,0.10883580148220062,0.09999990463256836,0.09999990463256836,71908906,R1.2900.11955.0,True,2.8141753673553467,1.5937319993972778,2.75,2.75
network_injection_00199,71567810,R1.2900.11955.0,target_positive,4,2025-01-20T05:36:13.697Z,1737351373.6976523,0.0,True,27,True,False,0.05676957964897156,0.10883580148220062,0.5499999523162842,,21212835,R1.2172.7737.0,False,1.1635977029800415,1.5937319993972778,4.700000047683716,
network_injection_00200,71567810,R1.2900.11955.0,target_positive,4,2025-01-20T05:36:13.697Z,1737351373.6976523,0.25,False,27,True,True,0.20134848356246948,0.10883580148220062,0.09999990463256836,0.09999990463256836,71908906,R1.2900.11955.0,False,1.2053602933883667,1.5937319993972778,4.75,
network_injection_00201,71567810,R1.2900.11955.0,target_positive,4,2025-01-20T05:36:13.697Z,1737351373.6976523,0.5,False,27,True,True,0.37306028604507446,0.10883580148220062,0.09999990463256836,0.09999990463256836,71908906,R1.2900.11955.0,False,1.3869394063949585,1.5937319993972778,5.200000047683716,
network_injection_00202,71567810,R1.2900.11955.0,target_positive,4,2025-01-20T05:36:13.697Z,1737351373.6976523,1.0,False,27,True,True,0.5965959429740906,0.10883580148220062,0.09999990463256836,0.09999990463256836,71908906,R1.2900.11955.0,True,1.811274766921997,1.5937319993972778,5.349999904632568,5.349999904632568
network_injection_00203,71567810,R1.2900.11955.0,target_positive,4,2025-01-20T05:36:13.697Z,1737351373.6976523,2.0,False,27,True,True,0.7713057398796082,0.10883580148220062,0.09999990463256836,0.09999990463256836,71908906,R1.2900.11955.0,True,2.222527265548706,1.5937319993972778,5.299999952316284,5.299999952316284
network_injection_00204,71567810,R1.2900.11955.0,target_positive,4,2025-01-20T05:36:13.697Z,1737351373.6976523,4.0,False,27,True,True,0.848048985004425,0.10883580148220062,0.09999990463256836,0.09999990463256836,71908906,R1.2900.11955.0,True,2.989649772644043,1.5937319993972778,2.25,2.25
network_injection_00205,71567810,R1.2900.11955.0,target_positive,5,2025-01-20T05:40:13.747Z,1737351613.7474234,0.0,True,27,True,False,0.05036740377545357,0.10883580148220062,-0.9500000476837158,,21212835,R1.2172.7737.0,False,1.2533529996871948,1.5937319993972778,4.799999952316284,
network_injection_00206,71567810,R1.2900.11955.0,target_positive,5,2025-01-20T05:40:13.747Z,1737351613.7474234,0.25,False,27,True,True,0.19336716830730438,0.10883580148220062,-0.04999995231628418,-0.04999995231628418,51214531,R1.2900.11955.0,False,1.2719013690948486,1.5937319993972778,4.950000047683716,
network_injection_00207,71567810,R1.2900.11955.0,target_positive,5,2025-01-20T05:40:13.747Z,1737351613.7474234,0.5,False,27,True,True,0.3548634648323059,0.10883580148220062,-0.04999995231628418,-0.04999995231628418,51214531,R1.2900.11955.0,False,1.4203745126724243,1.5937319993972778,5.0,
network_injection_00208,71567810,R1.2900.11955.0,target_positive,5,2025-01-20T05:40:13.747Z,1737351613.7474234,1.0,False,27,True,True,0.5717445611953735,0.10883580148220062,0.0,0.0,40220017,R1.3027.11698.0,True,1.6023063659667969,1.5937319993972778,4.099999904632568,4.099999904632568
network_injection_00209,71567810,R1.2900.11955.0,target_positive,5,2025-01-20T05:40:13.747Z,1737351613.7474234,2.0,False,27,True,True,0.7523553967475891,0.10883580148220062,0.09999990463256836,0.09999990463256836,71908906,R1.2900.11955.0,True,2.141976833343506,1.5937319993972778,2.4000000953674316,2.4000000953674316
network_injection_00210,71567810,R1.2900.11955.0,target_positive,5,2025-01-20T05:40:13.747Z,1737351613.7474234,4.0,False,27,True,True,0.8400976657867432,0.10883580148220062,0.09999990463256836,0.09999990463256836,71908906,R1.2900.11955.0,True,2.8514413833618164,1.5937319993972778,2.75,2.75
network_injection_00211,71908906,R1.2900.11955.0,target_positive,1,2025-01-20T04:56:04.449Z,1737348964.44995,0.0,True,26,True,False,0.044230617582798004,0.10883580148220062,0.9500000476837158,,21212835,R1.2172.7737.0,False,1.2150527238845825,1.5937319993972778,6.25,
network_injection_00212,71908906,R1.2900.11955.0,target_positive,1,2025-01-20T04:56:04.449Z,1737348964.44995,0.25,False,26,True,True,0.18813595175743103,0.10883580148220062,-0.09999990463256836,-0.09999990463256836,40220017,R1.3027.11698.0,False,1.2382316589355469,1.5937319993972778,5.400000095367432,
network_injection_00213,71908906,R1.2900.11955.0,target_positive,1,2025-01-20T04:56:04.449Z,1737348964.44995,0.5,False,26,True,True,0.34536832571029663,0.10883580148220062,-0.09999990463256836,-0.09999990463256836,71567810,R1.2900.11955.0,False,1.3464397192001343,1.5937319993972778,2.450000047683716,
network_injection_00214,71908906,R1.2900.11955.0,target_positive,1,2025-01-20T04:56:04.449Z,1737348964.44995,1.0,False,26,True,True,0.5567520260810852,0.10883580148220062,-0.09999990463256836,-0.09999990463256836,71567810,R1.2900.11955.0,True,1.6600451469421387,1.5937319993972778,2.4000000953674316,2.4000000953674316
network_injection_00215,71908906,R1.2900.11955.0,target_positive,1,2025-01-20T04:56:04.449Z,1737348964.44995,2.0,False,26,True,True,0.7224975228309631,0.10883580148220062,-0.09999990463256836,-0.09999990463256836,71567810,R1.2900.11955.0,True,2.1996943950653076,1.5937319993972778,2.299999952316284,2.299999952316284
network_injection_00216,71908906,R1.2900.11955.0,target_positive,1,2025-01-20T04:56:04.449Z,1737348964.44995,4.0,False,26,True,True,0.796197235584259,0.10883580148220062,-0.09999990463256836,-0.09999990463256836,71567810,R1.2900.11955.0,True,2.8661584854125977,1.5937319993972778,2.1500000953674316,2.1500000953674316
network_injection_00217,71908906,R1.2900.11955.0,target_positive,2,2025-01-20T05:15:51.898Z,1737350151.8988175,0.0,True,26,True,False,0.04757314547896385,0.10883580148220062,-0.2999999523162842,,21204713,R1.0697.5199.0,False,1.2267879247665405,1.5937319993972778,10.799999952316284,
network_injection_00218,71908906,R1.2900.11955.0,target_positive,2,2025-01-20T05:15:51.898Z,1737350151.8988175,0.25,False,26,True,True,0.19306190311908722,0.10883580148220062,-0.09999990463256836,-0.09999990463256836,71567810,R1.2900.11955.0,False,1.2561938762664795,1.5937319993972778,7.75,
network_injection_00219,71908906,R1.2900.11955.0,target_positive,2,2025-01-20T05:15:51.898Z,1737350151.8988175,0.5,False,26,True,True,0.3653188645839691,0.10883580148220062,-0.09999990463256836,-0.09999990463256836,71567810,R1.2900.11955.0,False,1.3142269849777222,1.5937319993972778,5.299999952316284,
network_injection_00220,71908906,R1.2900.11955.0,target_positive,2,2025-01-20T05:15:51.898Z,1737350151.8988175,1.0,False,26,True,True,0.5820831060409546,0.10883580148220062,-0.09999990463256836,-0.09999990463256836,71567810,R1.2900.11955.0,True,1.7057180404663086,1.5937319993972778,2.4000000953674316,2.4000000953674316
network_injection_00221,71908906,R1.2900.11955.0,target_positive,2,2025-01-20T05:15:51.898Z,1737350151.8988175,2.0,False,26,True,True,0.7375580072402954,0.10883580148220062,-0.09999990463256836,-0.09999990463256836,71567810,R1.2900.11955.0,True,2.347299575805664,1.5937319993972778,2.299999952316284,2.299999952316284
network_injection_00222,71908906,R1.2900.11955.0,target_positive,2,2025-01-20T05:15:51.898Z,1737350151.8988175,4.0,False,26,True,True,0.8048035502433777,0.10883580148220062,-0.09999990463256836,-0.09999990463256836,71567810,R1.2900.11955.0,True,2.886690378189087,1.5937319993972778,2.25,2.25
network_injection_00223,71908906,R1.2900.11955.0,target_positive,3,2025-01-20T05:29:28.148Z,1737350968.148039,0.0,True,26,True,False,0.0504755899310112,0.10883580148220062,0.20000004768371582,,71567810,R1.2900.11955.0,False,1.1949514150619507,1.5937319993972778,0.6500000953674316,
network_injection_00224,71908906,R1.2900.11955.0,target_positive,3,2025-01-20T05:29:28.148Z,1737350968.148039,0.25,False,26,True,True,0.21426226198673248,0.10883580148220062,-0.09999990463256836,-0.09999990463256836,71325295,R1.2900.11955.0,False,1.1950474977493286,1.5937319993972778,0.6500000953674316,
network_injection_00225,71908906,R1.2900.11955.0,target_positive,3,2025-01-20T05:29:28.148Z,1737350968.148039,0.5,False,26,True,True,0.3753238320350647,0.10883580148220062,-0.09999990463256836,-0.09999990463256836,71325295,R1.2900.11955.0,False,1.2938945293426514,1.5937319993972778,4.650000095367432,
network_injection_00226,71908906,R1.2900.11955.0,target_positive,3,2025-01-20T05:29:28.148Z,1737350968.148039,1.0,False,26,True,True,0.590491771697998,0.10883580148220062,-0.09999990463256836,-0.09999990463256836,71567810,R1.2900.11955.0,True,1.7139556407928467,1.5937319993972778,2.549999952316284,2.549999952316284
network_injection_00227,71908906,R1.2900.11955.0,target_positive,3,2025-01-20T05:29:28.148Z,1737350968.148039,2.0,False,26,True,True,0.7472164630889893,0.10883580148220062,-0.09999990463256836,-0.09999990463256836,71567810,R1.2900.11955.0,True,2.2211766242980957,1.5937319993972778,2.25,2.25
network_injection_00228,71908906,R1.2900.11955.0,target_positive,3,2025-01-20T05:29:28.148Z,1737350968.148039,4.0,False,26,True,True,0.8099699020385742,0.10883580148220062,-0.09999990463256836,-0.09999990463256836,71567810,R1.2900.11955.0,True,2.9271795749664307,1.5937319993972778,2.25,2.25
network_injection_00229,71908906,R1.2900.11955.0,target_positive,4,2025-01-20T05:36:13.697Z,1737351373.6976523,0.0,True,26,True,False,0.05676957964897156,0.10883580148220062,0.5499999523162842,,21212835,R1.2172.7737.0,False,1.1635977029800415,1.5937319993972778,4.700000047683716,
network_injection_00230,71908906,R1.2900.11955.0,target_positive,4,2025-01-20T05:36:13.697Z,1737351373.6976523,0.25,False,26,True,True,0.20129553973674774,0.10883580148220062,-0.25,-0.25,21204713,R1.0697.5199.0,False,1.2205005884170532,1.5937319993972778,2.5999999046325684,
network_injection_00231,71908906,R1.2900.11955.0,target_positive,4,2025-01-20T05:36:13.697Z,1737351373.6976523,0.5,False,26,True,True,0.3627791702747345,0.10883580148220062,-0.25,-0.25,21204713,R1.0697.5199.0,False,1.342617392539978,1.5937319993972778,2.75,
network_injection_00232,71908906,R1.2900.11955.0,target_positive,4,2025-01-20T05:36:13.697Z,1737351373.6976523,1.0,False,26,True,True,0.5610715746879578,0.10883580148220062,-0.25,-0.25,21204713,R1.0697.5199.0,True,1.7673248052597046,1.5937319993972778,5.200000047683716,5.200000047683716
network_injection_00233,71908906,R1.2900.11955.0,target_positive,4,2025-01-20T05:36:13.697Z,1737351373.6976523,2.0,False,26,True,True,0.7305200695991516,0.10883580148220062,-0.09999990463256836,-0.09999990463256836,71567810,R1.2900.11955.0,True,2.266212224960327,1.5937319993972778,2.200000047683716,2.200000047683716
network_injection_00234,71908906,R1.2900.11955.0,target_positive,4,2025-01-20T05:36:13.697Z,1737351373.6976523,4.0,False,26,True,True,0.8075281381607056,0.10883580148220062,-0.09999990463256836,-0.09999990463256836,71567810,R1.2900.11955.0,True,2.9276773929595947,1.5937319993972778,2.1500000953674316,2.1500000953674316
network_injection_00235,71908906,R1.2900.11955.0,target_positive,5,2025-01-20T05:40:13.747Z,1737351613.7474234,0.0,True,26,True,False,0.05036740377545357,0.10883580148220062,-0.9500000476837158,,21212835,R1.2172.7737.0,False,1.2533529996871948,1.5937319993972778,4.799999952316284,
network_injection_00236,71908906,R1.2900.11955.0,target_positive,5,2025-01-20T05:40:13.747Z,1737351613.7474234,0.25,False,26,True,True,0.1567138284444809,0.10883580148220062,-0.09999990463256836,-0.09999990463256836,40220017,R1.3027.11698.0,False,1.2645254135131836,1.5937319993972778,4.849999904632568,
network_injection_00237,71908906,R1.2900.11955.0,target_positive,5,2025-01-20T05:40:13.747Z,1737351613.7474234,0.5,False,26,True,True,0.3127085864543915,0.10883580148220062,-0.09999990463256836,-0.09999990463256836,71567810,R1.2900.11955.0,False,1.306097388267517,1.5937319993972778,5.049999952316284,
network_injection_00238,71908906,R1.2900.11955.0,target_positive,5,2025-01-20T05:40:13.747Z,1737351613.7474234,1.0,False,26,True,True,0.5341863632202148,0.10883580148220062,-0.09999990463256836,-0.09999990463256836,71567810,R1.2900.11955.0,True,1.7153834104537964,1.5937319993972778,5.349999904632568,5.349999904632568
network_injection_00239,71908906,R1.2900.11955.0,target_positive,5,2025-01-20T05:40:13.747Z,1737351613.7474234,2.0,False,26,True,True,0.711006224155426,0.10883580148220062,-0.09999990463256836,-0.09999990463256836,71567810,R1.2900.11955.0,True,2.1362645626068115,1.5937319993972778,2.799999952316284,2.799999952316284
network_injection_00240,71908906,R1.2900.11955.0,target_positive,5,2025-01-20T05:40:13.747Z,1737351613.7474234,4.0,False,26,True,True,0.7922058701515198,0.10883580148220062,-0.09999990463256836,-0.09999990463256836,71567810,R1.2900.11955.0,True,2.8978147506713867,1.5937319993972778,2.6500000953674316,2.6500000953674316
network_injection_00241,72154411,R1.2900.11955.0,target_positive,1,2025-01-20T04:56:04.449Z,1737348964.44995,0.0,True,21,True,False,0.044230617582798004,0.10883580148220062,0.9500000476837158,,21212835,R1.2172.7737.0,False,1.2150527238845825,1.5937319993972778,6.25,
network_injection_00242,72154411,R1.2900.11955.0,target_positive,1,2025-01-20T04:56:04.449Z,1737348964.44995,0.25,False,21,True,True,0.16504797339439392,0.10883580148220062,0.0,0.0,71908906,R1.2900.11955.0,False,1.2257862091064453,1.5937319993972778,7.25,
network_injection_00243,72154411,R1.2900.11955.0,target_positive,1,2025-01-20T04:56:04.449Z,1737348964.44995,0.5,False,21,True,True,0.3058699071407318,0.10883580148220062,0.0,0.0,71908906,R1.2900.11955.0,False,1.3399885892868042,1.5937319993972778,4.349999904632568,
network_injection_00244,72154411,R1.2900.11955.0,target_positive,1,2025-01-20T04:56:04.449Z,1737348964.44995,1.0,False,21,True,True,0.4960970878601074,0.10883580148220062,0.0,0.0,71908906,R1.2900.11955.0,False,1.4517850875854492,1.5937319993972778,5.400000095367432,
network_injection_00245,72154411,R1.2900.11955.0,target_positive,1,2025-01-20T04:56:04.449Z,1737348964.44995,2.0,False,21,True,True,0.6453555822372437,0.10883580148220062,0.0,0.0,71908906,R1.2900.11955.0,True,1.8428387641906738,1.5937319993972778,3.0999999046325684,3.0999999046325684
network_injection_00246,72154411,R1.2900.11955.0,target_positive,1,2025-01-20T04:56:04.449Z,1737348964.44995,4.0,False,21,True,True,0.7096518874168396,0.10883580148220062,0.0,0.0,71908906,R1.2900.11955.0,True,2.6170241832733154,1.5937319993972778,2.549999952316284,2.549999952316284
network_injection_00247,72154411,R1.2900.11955.0,target_positive,2,2025-01-20T05:15:51.898Z,1737350151.8988175,0.0,True,21,True,False,0.04757314547896385,0.10883580148220062,-0.2999999523162842,,21204713,R1.0697.5199.0,False,1.2267879247665405,1.5937319993972778,10.799999952316284,
network_injection_00248,72154411,R1.2900.11955.0,target_positive,2,2025-01-20T05:15:51.898Z,1737350151.8988175,0.25,False,21,True,True,0.16495513916015625,0.10883580148220062,-0.15000009536743164,-0.15000009536743164,51214531,R1.2900.11955.0,False,1.2588157653808594,1.5937319993972778,5.799999952316284,
network_injection_00249,72154411,R1.2900.11955.0,target_positive,2,2025-01-20T05:15:51.898Z,1737350151.8988175,0.5,False,21,True,True,0.314584881067276,0.10883580148220062,-0.15000009536743164,-0.15000009536743164,51214531,R1.2900.11955.0,False,1.3795497417449951,1.5937319993972778,7.75,
network_injection_00250,72154411,R1.2900.11955.0,target_positive,2,2025-01-20T05:15:51.898Z,1737350151.8988175,1.0,False,21,True,True,0.508910059928894,0.10883580148220062,-0.15000009536743164,-0.15000009536743164,51214531,R1.2900.11955.0,False,1.475616216659546,1.5937319993972778,7.75,
network_injection_00251,72154411,R1.2900.11955.0,target_positive,2,2025-01-20T05:15:51.898Z,1737350151.8988175,2.0,False,21,True,True,0.6559600830078125,0.10883580148220062,-0.09999990463256836,-0.09999990463256836,40220017,R1.3027.11698.0,True,2.0007987022399902,1.5937319993972778,2.9000000953674316,2.9000000953674316
network_injection_00252,72154411,R1.2900.11955.0,target_positive,2,2025-01-20T05:15:51.898Z,1737350151.8988175,4.0,False,21,True,True,0.7207306027412415,0.10883580148220062,-0.09999990463256836,-0.09999990463256836,40220017,R1.3027.11698.0,True,2.5758142471313477,1.5937319993972778,2.549999952316284,2.549999952316284
network_injection_00253,72154411,R1.2900.11955.0,target_positive,3,2025-01-20T05:29:28.148Z,1737350968.148039,0.0,True,21,True,False,0.0504755899310112,0.10883580148220062,0.20000004768371582,,71567810,R1.2900.11955.0,False,1.1949514150619507,1.5937319993972778,0.6500000953674316,
network_injection_00254,72154411,R1.2900.11955.0,target_positive,3,2025-01-20T05:29:28.148Z,1737350968.148039,0.25,False,21,True,True,0.16680766642093658,0.10883580148220062,-0.09999990463256836,-0.09999990463256836,71325295,R1.2900.11955.0,False,1.1947792768478394,1.5937319993972778,0.6500000953674316,
network_injection_00255,72154411,R1.2900.11955.0,target_positive,3,2025-01-20T05:29:28.148Z,1737350968.148039,0.5,False,21,True,True,0.32155641913414,0.10883580148220062,0.0,0.0,71908906,R1.2900.11955.0,False,1.364499568939209,1.5937319993972778,4.599999904632568,
network_injection_00256,72154411,R1.2900.11955.0,target_positive,3,2025-01-20T05:29:28.148Z,1737350968.148039,1.0,False,21,True,True,0.5201564431190491,0.10883580148220062,-0.09999990463256836,-0.09999990463256836,40220017,R1.3027.11698.0,False,1.538493037223816,1.5937319993972778,4.400000095367432,
network_injection_00257,72154411,R1.2900.11955.0,target_positive,3,2025-01-20T05:29:28.148Z,1737350968.148039,2.0,False,21,True,True,0.6663996577262878,0.10883580148220062,-0.09999990463256836,-0.09999990463256836,40220017,R1.3027.11698.0,True,1.9062204360961914,1.5937319993972778,2.950000047683716,2.950000047683716
network_injection_00258,72154411,R1.2900.11955.0,target_positive,3,2025-01-20T05:29:28.148Z,1737350968.148039,4.0,False,21,True,True,0.724766731262207,0.10883580148220062,-0.09999990463256836,-0.09999990463256836,40220017,R1.3027.11698.0,True,2.6286063194274902,1.5937319993972778,2.549999952316284,2.549999952316284
network_injection_00259,72154411,R1.2900.11955.0,target_positive,4,2025-01-20T05:36:13.697Z,1737351373.6976523,0.0,True,21,True,False,0.05676957964897156,0.10883580148220062,0.5499999523162842,,21212835,R1.2172.7737.0,False,1.1635977029800415,1.5937319993972778,4.700000047683716,
network_injection_00260,72154411,R1.2900.11955.0,target_positive,4,2025-01-20T05:36:13.697Z,1737351373.6976523,0.25,False,21,True,True,0.177936390042305,0.10883580148220062,-0.15000009536743164,-0.15000009536743164,51214531,R1.2900.11955.0,False,1.177039623260498,1.5937319993972778,2.75,
network_injection_00261,72154411,R1.2900.11955.0,target_positive,4,2025-01-20T05:36:13.697Z,1737351373.6976523,0.5,False,21,True,True,0.321323037147522,0.10883580148220062,-0.15000009536743164,-0.15000009536743164,51214531,R1.2900.11955.0,False,1.2734153270721436,1.5937319993972778,2.8499999046325684,
network_injection_00262,72154411,R1.2900.11955.0,target_positive,4,2025-01-20T05:36:13.697Z,1737351373.6976523,1.0,False,21,True,True,0.5127507448196411,0.10883580148220062,-0.15000009536743164,-0.15000009536743164,51214531,R1.2900.11955.0,False,1.5438374280929565,1.5937319993972778,5.099999904632568,
network_injection_00263,72154411,R1.2900.11955.0,target_positive,4,2025-01-20T05:36:13.697Z,1737351373.6976523,2.0,False,21,True,True,0.6626472473144531,0.10883580148220062,-0.15000009536743164,-0.15000009536743164,51214531,R1.2900.11955.0,True,1.9472264051437378,1.5937319993972778,2.8499999046325684,2.8499999046325684
network_injection_00264,72154411,R1.2900.11955.0,target_positive,4,2025-01-20T05:36:13.697Z,1737351373.6976523,4.0,False,21,True,True,0.7225944399833679,0.10883580148220062,-0.15000009536743164,-0.15000009536743164,51214531,R1.2900.11955.0,True,2.5455663204193115,1.5937319993972778,2.5,2.5
network_injection_00265,72154411,R1.2900.11955.0,target_positive,5,2025-01-20T05:40:13.747Z,1737351613.7474234,0.0,True,21,True,False,0.05036740377545357,0.10883580148220062,-0.9500000476837158,,21212835,R1.2172.7737.0,False,1.2533529996871948,1.5937319993972778,4.799999952316284,
network_injection_00266,72154411,R1.2900.11955.0,target_positive,5,2025-01-20T05:40:13.747Z,1737351613.7474234,0.25,False,21,True,True,0.14597880840301514,0.10883580148220062,-0.15000009536743164,-0.15000009536743164,51214531,R1.2900.11955.0,False,1.2485605478286743,1.5937319993972778,4.849999904632568,
network_injection_00267,72154411,R1.2900.11955.0,target_positive,5,2025-01-20T05:40:13.747Z,1737351613.7474234,0.5,False,21,True,True,0.28833991289138794,0.10883580148220062,-0.15000009536743164,-0.15000009536743164,51214531,R1.2900.11955.0,False,1.3013994693756104,1.5937319993972778,4.950000047683716,
network_injection_00268,72154411,R1.2900.11955.0,target_positive,5,2025-01-20T05:40:13.747Z,1737351613.7474234,1.0,False,21,True,True,0.48251664638519287,0.10883580148220062,-0.15000009536743164,-0.15000009536743164,51214531,R1.2900.11955.0,False,1.474785327911377,1.5937319993972778,3.0999999046325684,
network_injection_00269,72154411,R1.2900.11955.0,target_positive,5,2025-01-20T05:40:13.747Z,1737351613.7474234,2.0,False,21,True,True,0.6361365914344788,0.10883580148220062,-0.15000009536743164,-0.15000009536743164,51214531,R1.2900.11955.0,True,1.9977362155914307,1.5937319993972778,2.950000047683716,2.950000047683716
network_injection_00270,72154411,R1.2900.11955.0,target_positive,5,2025-01-20T05:40:13.747Z,1737351613.7474234,4.0,False,21,True,True,0.7049871683120728,0.10883580148220062,-0.15000009536743164,-0.15000009536743164,51214531,R1.2900.11955.0,True,2.518831729888916,1.5937319993972778,2.5,2.5
network_injection_00271,72359026,R1.2900.11955.0,target_positive,1,2025-01-20T04:56:04.449Z,1737348964.44995,0.0,True,25,True,False,0.044230617582798004,0.10883580148220062,0.9500000476837158,,21212835,R1.2172.7737.0,False,1.2150527238845825,1.5937319993972778,6.25,
network_injection_00272,72359026,R1.2900.11955.0,target_positive,1,2025-01-20T04:56:04.449Z,1737348964.44995,0.25,False,25,True,True,0.14692772924900055,0.10883580148220062,-0.25,-0.25,21204713,R1.0697.5199.0,False,1.214461326599121,1.5937319993972778,5.450000047683716,
network_injection_00273,72359026,R1.2900.11955.0,target_positive,1,2025-01-20T04:56:04.449Z,1737348964.44995,0.5,False,25,True,True,0.2623763978481293,0.10883580148220062,-0.25,-0.25,21204713,R1.0697.5199.0,False,1.4376201629638672,1.5937319993972778,4.25,
network_injection_00274,72359026,R1.2900.11955.0,target_positive,1,2025-01-20T04:56:04.449Z,1737348964.44995,1.0,False,25,True,True,0.4100726842880249,0.10883580148220062,-0.25,-0.25,21204713,R1.0697.5199.0,True,1.5950548648834229,1.5937319993972778,2.299999952316284,2.299999952316284
network_injection_00275,72359026,R1.2900.11955.0,target_positive,1,2025-01-20T04:56:04.449Z,1737348964.44995,2.0,False,25,True,True,0.5186796188354492,0.10883580148220062,-0.25,-0.25,21204713,R1.0697.5199.0,True,2.260751247406006,1.5937319993972778,2.25,2.25
network_injection_00276,72359026,R1.2900.11955.0,target_positive,1,2025-01-20T04:56:04.449Z,1737348964.44995,4.0,False,25,True,True,0.562772274017334,0.10883580148220062,-0.25,-0.25,21204713,R1.0697.5199.0,True,2.8102238178253174,1.5937319993972778,2.700000047683716,2.700000047683716
network_injection_00277,72359026,R1.2900.11955.0,target_positive,2,2025-01-20T05:15:51.898Z,1737350151.8988175,0.0,True,25,True,False,0.04757314547896385,0.10883580148220062,-0.2999999523162842,,21204713,R1.0697.5199.0,False,1.2267879247665405,1.5937319993972778,10.799999952316284,
network_injection_00278,72359026,R1.2900.11955.0,target_positive,2,2025-01-20T05:15:51.898Z,1737350151.8988175,0.25,False,25,True,True,0.13587141036987305,0.10883580148220062,-0.09999990463256836,-0.09999990463256836,21212835,R1.2172.7737.0,False,1.2267879247665405,1.5937319993972778,10.799999952316284,
network_injection_00279,72359026,R1.2900.11955.0,target_positive,2,2025-01-20T05:15:51.898Z,1737350151.8988175,0.5,False,25,True,True,0.24893592298030853,0.10883580148220062,-0.09999990463256836,-0.09999990463256836,21212835,R1.2172.7737.0,False,1.2624391317367554,1.5937319993972778,7.799999952316284,
network_injection_00280,72359026,R1.2900.11955.0,target_positive,2,2025-01-20T05:15:51.898Z,1737350151.8988175,1.0,False,25,True,True,0.3981274664402008,0.10883580148220062,-0.25,-0.25,21204713,R1.0697.5199.0,False,1.585878849029541,1.5937319993972778,2.3499999046325684,
network_injection_00281,72359026,R1.2900.11955.0,target_positive,2,2025-01-20T05:15:51.898Z,1737350151.8988175,2.0,False,25,True,True,0.5096160769462585,0.10883580148220062,-0.25,-0.25,21204713,R1.0697.5199.0,True,2.23368501663208,1.5937319993972778,2.299999952316284,2.299999952316284
network_injection_00282,72359026,R1.2900.11955.0,target_positive,2,2025-01-20T05:15:51.898Z,1737350151.8988175,4.0,False,25,True,True,0.5580211877822876,0.10883580148220062,-0.25,-0.25,21204713,R1.0697.5199.0,True,2.8774831295013428,1.5937319993972778,2.25,2.25
network_injection_00283,72359026,R1.2900.11955.0,target_positive,3,2025-01-20T05:29:28.148Z,1737350968.148039,0.0,True,25,True,False,0.0504755899310112,0.10883580148220062,0.20000004768371582,,71567810,R1.2900.11955.0,False,1.1949514150619507,1.5937319993972778,0.6500000953674316,
network_injection_00284,72359026,R1.2900.11955.0,target_positive,3,2025-01-20T05:29:28.148Z,1737350968.148039,0.25,False,25,True,True,0.136348158121109,0.10883580148220062,-0.09999990463256836,-0.09999990463256836,71325295,R1.2900.11955.0,False,1.1949514150619507,1.5937319993972778,0.6500000953674316,
network_injection_00285,72359026,R1.2900.11955.0,target_positive,3,2025-01-20T05:29:28.148Z,1737350968.148039,0.5,False,25,True,True,0.2551371157169342,0.10883580148220062,-0.09999990463256836,-0.09999990463256836,71325295,R1.2900.11955.0,False,1.3183999061584473,1.5937319993972778,4.75,
network_injection_00286,72359026,R1.2900.11955.0,target_positive,3,2025-01-20T05:29:28.148Z,1737350968.148039,1.0,False,25,True,True,0.4040006697177887,0.10883580148220062,-0.09999990463256836,-0.09999990463256836,71325295,R1.2900.11955.0,True,1.6191439628601074,1.5937319993972778,4.599999904632568,4.599999904632568
network_injection_00287,72359026,R1.2900.11955.0,target_positive,3,2025-01-20T05:29:28.148Z,1737350968.148039,2.0,False,25,True,True,0.5153789520263672,0.10883580148220062,-0.09999990463256836,-0.09999990463256836,71325295,R1.2900.11955.0,True,2.117548942565918,1.5937319993972778,2.8499999046325684,2.8499999046325684
network_injection_00288,72359026,R1.2900.11955.0,target_positive,3,2025-01-20T05:29:28.148Z,1737350968.148039,4.0,False,25,True,True,0.5574823617935181,0.10883580148220062,-0.09999990463256836,-0.09999990463256836,71325295,R1.2900.11955.0,True,2.8110387325286865,1.5937319993972778,2.299999952316284,2.299999952316284
network_injection_00289,72359026,R1.2900.11955.0,target_positive,4,2025-01-20T05:36:13.697Z,1737351373.6976523,0.0,True,25,True,False,0.05676957964897156,0.10883580148220062,0.5499999523162842,,21212835,R1.2172.7737.0,False,1.1635977029800415,1.5937319993972778,4.700000047683716,
network_injection_00290,72359026,R1.2900.11955.0,target_positive,4,2025-01-20T05:36:13.697Z,1737351373.6976523,0.25,False,25,True,True,0.13057871162891388,0.10883580148220062,-0.25,-0.25,21204713,R1.0697.5199.0,False,1.1859211921691895,1.5937319993972778,3.799999952316284,
network_injection_00291,72359026,R1.2900.11955.0,target_positive,4,2025-01-20T05:36:13.697Z,1737351373.6976523,0.5,False,25,True,True,0.25035592913627625,0.10883580148220062,-0.25,-0.25,21204713,R1.0697.5199.0,False,1.3408201932907104,1.5937319993972778,4.25,
network_injection_00292,72359026,R1.2900.11955.0,target_positive,4,2025-01-20T05:36:13.697Z,1737351373.6976523,1.0,False,25,True,True,0.4061947762966156,0.10883580148220062,-0.25,-0.25,21204713,R1.0697.5199.0,True,1.7144479751586914,1.5937319993972778,5.049999952316284,5.049999952316284
network_injection_00293,72359026,R1.2900.11955.0,target_positive,4,2025-01-20T05:36:13.697Z,1737351373.6976523,2.0,False,25,True,True,0.5180159211158752,0.10883580148220062,-0.25,-0.25,21204713,R1.0697.5199.0,True,2.1346609592437744,1.5937319993972778,2.299999952316284,2.299999952316284
network_injection_00294,72359026,R1.2900.11955.0,target_positive,4,2025-01-20T05:36:13.697Z,1737351373.6976523,4.0,False,25,True,True,0.5670968294143677,0.10883580148220062,-0.25,-0.25,21204713,R1.0697.5199.0,True,2.8300557136535645,1.5937319993972778,2.6500000953674316,2.6500000953674316
network_injection_00295,72359026,R1.2900.11955.0,target_positive,5,2025-01-20T05:40:13.747Z,1737351613.7474234,0.0,True,25,True,False,0.05036740377545357,0.10883580148220062,-0.9500000476837158,,21212835,R1.2172.7737.0,False,1.2533529996871948,1.5937319993972778,4.799999952316284,
network_injection_00296,72359026,R1.2900.11955.0,target_positive,5,2025-01-20T05:40:13.747Z,1737351613.7474234,0.25,False,25,True,True,0.1109112873673439,0.10883580148220062,-0.09999990463256836,-0.09999990463256836,21212835,R1.2172.7737.0,False,1.2738358974456787,1.5937319993972778,4.849999904632568,
network_injection_00297,72359026,R1.2900.11955.0,target_positive,5,2025-01-20T05:40:13.747Z,1737351613.7474234,0.5,False,25,True,True,0.22479282319545746,0.10883580148220062,-0.09999990463256836,-0.09999990463256836,21212835,R1.2172.7737.0,False,1.3672454357147217,1.5937319993972778,4.299999952316284,
network_injection_00298,72359026,R1.2900.11955.0,target_positive,5,2025-01-20T05:40:13.747Z,1737351613.7474234,1.0,False,25,True,True,0.3820468485355377,0.10883580148220062,-0.25,-0.25,21204713,R1.0697.5199.0,True,1.6094205379486084,1.5937319993972778,4.349999904632568,4.349999904632568
network_injection_00299,72359026,R1.2900.11955.0,target_positive,5,2025-01-20T05:40:13.747Z,1737351613.7474234,2.0,False,25,True,True,0.5043107867240906,0.10883580148220062,-0.25,-0.25,21204713,R1.0697.5199.0,True,2.081190347671509,1.5937319993972778,2.200000047683716,2.200000047683716
network_injection_00300,72359026,R1.2900.11955.0,target_positive,5,2025-01-20T05:40:13.747Z,1737351613.7474234,4.0,False,25,True,True,0.5548528432846069,0.10883580148220062,-0.25,-0.25,21204713,R1.0697.5199.0,True,2.6937880516052246,1.5937319993972778,2.6500000953674316,2.6500000953674316
