column_index,locus_index,filtered_rms_phase_rad,finite,nonzero,usable,reason,amplitude_based_selection_used
0,0,0.0728083646142093,True,True,True,,False
5,5,0.13705932075063848,True,True,True,,False
10,10,0.11335477362314345,True,True,True,,False
15,15,0.09756245922139846,True,True,True,,False
20,20,0.022865820647620945,True,True,True,,False
25,25,0.015854803620043142,True,True,True,,False
30,30,0.011893746954888765,True,True,True,,False
35,35,0.014378738580637934,True,True,True,,False
40,40,0.012625029849277047,True,True,True,,False
45,45,0.00737787652064189,True,True,True,,False
50,50,0.01269579269124299,True,True,True,,False
55,55,0.012143022111911601,True,True,True,,False
60,60,0.00987911862866636,True,True,True,,False
65,65,0.01667834126273183,True,True,True,,False
70,70,0.015248730206387515,True,True,True,,False
75,75,0.011065600689637677,True,True,True,,False
80,80,0.012444664989085644,True,True,True,,False
85,85,0.008909547607102145,True,True,True,,False
90,90,0.010178129078218896,True,True,True,,False
95,95,0.013116360418099913,True,True,True,,False
100,100,0.010591605009738351,True,True,True,,False
105,105,0.012417105745050328,True,True,True,,False
110,110,0.008019022243796447,True,True,True,,False
115,115,0.006417208655132553,True,True,True,,False
120,120,0.00860222949109038,True,True,True,,False
125,125,0.010360431517873275,True,True,True,,False
130,130,0.012527886176801221,True,True,True,,False
135,135,0.007480134198656427,True,True,True,,False
140,140,0.008170638835148323,True,True,True,,False
145,145,0.008574407698176734,True,True,True,,False
150,150,0.007330677414350408,True,True,True,,False
155,155,0.008932210231588238,True,True,True,,False
160,160,0.007959922220383782,True,True,True,,False
165,165,0.0077474789574030175,True,True,True,,False
170,170,0.011081777884280532,True,True,True,,False
175,175,0.007930952892544847,True,True,True,,False
180,180,0.010849072582447319,True,True,True,,False
185,185,0.011203128691813537,True,True,True,,False
190,190,0.01113653110336695,True,True,True,,False
195,195,0.010360005706254142,True,True,True,,False
200,200,0.008674711507489654,True,True,True,,False
205,205,0.007061991270671707,True,True,True,,False
210,210,0.007009533233286811,True,True,True,,False
215,215,0.0074614392086559175,True,True,True,,False
220,220,0.008055383332391731,True,True,True,,False
225,225,0.006231934948229977,True,True,True,,False
230,230,0.009318022872402519,True,True,True,,False
235,235,0.008111595577727143,True,True,True,,False
240,240,0.008558455318815977,True,True,True,,False
245,245,0.009376405900950268,True,True,True,,False
250,250,0.010196367768210588,True,True,True,,False
255,255,0.008950350272074836,True,True,True,,False
260,260,0.009050957904707616,True,True,True,,False
265,265,0.009118955870119613,True,True,True,,False
270,270,0.008362139208227358,True,True,True,,False
275,275,0.008000347842301993,True,True,True,,False
280,280,0.007631023383889057,True,True,True,,False
285,285,0.008701470355205706,True,True,True,,False
290,290,0.007344510793965394,True,True,True,,False
295,295,0.00693511187581852,True,True,True,,False
300,300,0.008084222786294165,True,True,True,,False
305,305,0.00825724300122283,True,True,True,,False
310,310,0.008469713262304522,True,True,True,,False
315,315,0.007057119630120941,True,True,True,,False
320,320,0.006978000307165034,True,True,True,,False
325,325,0.008187078536090013,True,True,True,,False
330,330,0.006672836271860882,True,True,True,,False
335,335,0.008122789279221294,True,True,True,,False
340,340,0.007600070349639849,True,True,True,,False
345,345,0.00702266280563224,True,True,True,,False
350,350,0.008445502350306578,True,True,True,,False
355,355,0.006905088200739157,True,True,True,,False
360,360,0.007418697980981698,True,True,True,,False
365,365,0.00737218220591356,True,True,True,,False
370,370,0.006800571888988808,True,True,True,,False
375,375,0.008131077022563086,True,True,True,,False
380,380,0.00830183945369375,True,True,True,,False
385,385,0.006981427542621283,True,True,True,,False
390,390,0.006484448718880712,True,True,True,,False
395,395,0.006491040282561754,True,True,True,,False
400,400,0.006741078488371566,True,True,True,,False
405,405,0.007428528173053433,True,True,True,,False
410,410,0.006359130043708477,True,True,True,,False
415,415,0.006663209766089074,True,True,True,,False
420,420,0.008055636793481556,True,True,True,,False
425,425,0.00642359594337165,True,True,True,,False
430,430,0.009146569670189732,True,True,True,,False
435,435,0.0060103569440161505,True,True,True,,False
440,440,0.007044720144621115,True,True,True,,False
445,445,0.008445861459836014,True,True,True,,False
450,450,0.007908452249912653,True,True,True,,False
455,455,0.006925645821138274,True,True,True,,False
460,460,0.006815070370455561,True,True,True,,False
465,465,0.00986627028082531,True,True,True,,False
470,470,0.00724867733847857,True,True,True,,False
475,475,0.00813509287619255,True,True,True,,False
480,480,0.009218874869922896,True,True,True,,False
485,485,0.005925655269074845,True,True,True,,False
490,490,0.00790445246972114,True,True,True,,False
495,495,0.008496957391873727,True,True,True,,False
500,500,0.007740633910740974,True,True,True,,False
505,505,0.0074026725270728115,True,True,True,,False
510,510,0.006683348936647596,True,True,True,,False
515,515,0.007135690549990046,True,True,True,,False
520,520,0.0064773629324349465,True,True,True,,False
525,525,0.007483411326170814,True,True,True,,False
530,530,0.006288607345295705,True,True,True,,False
535,535,0.00630505507744895,True,True,True,,False
540,540,0.006916694417379624,True,True,True,,False
545,545,0.006667412837540674,True,True,True,,False
550,550,0.007281250839203238,True,True,True,,False
555,555,0.007156140634976831,True,True,True,,False
560,560,0.006851942753955344,True,True,True,,False
565,565,0.007893071813670669,True,True,True,,False
570,570,0.007846541685504874,True,True,True,,False
575,575,0.0071370170588509665,True,True,True,,False
580,580,0.007965129614922727,True,True,True,,False
585,585,0.0074744777453721635,True,True,True,,False
590,590,0.010366131236512099,True,True,True,,False
595,595,0.008703157011506125,True,True,True,,False
600,600,0.00915436375609035,True,True,True,,False
605,605,0.009698644684500407,True,True,True,,False
610,610,0.009629967087662944,True,True,True,,False
615,615,0.009527060701791655,True,True,True,,False
620,620,0.009610040041481393,True,True,True,,False
625,625,0.00921239892595246,True,True,True,,False
630,630,0.008363448831787839,True,True,True,,False
635,635,0.009670902688239663,True,True,True,,False
640,640,0.007293219640368356,True,True,True,,False
645,645,0.006545237404483073,True,True,True,,False
650,650,0.007702274550421291,True,True,True,,False
655,655,0.008095187413857962,True,True,True,,False
660,660,0.0073999842512768995,True,True,True,,False
665,665,0.010162656050708735,True,True,True,,False
670,670,0.007366086143917287,True,True,True,,False
675,675,0.007533473951132392,True,True,True,,False
680,680,0.008790449010742298,True,True,True,,False
685,685,0.00810567145585389,True,True,True,,False
690,690,0.006812723509136605,True,True,True,,False
695,695,0.006481481026029213,True,True,True,,False
700,700,0.0062280055918529946,True,True,True,,False
705,705,0.0076766772778169,True,True,True,,False
710,710,0.007098752826629059,True,True,True,,False
715,715,0.00913363148804406,True,True,True,,False
720,720,0.006744041304836827,True,True,True,,False
725,725,0.007135557703085027,True,True,True,,False
730,730,0.008567263560245775,True,True,True,,False
735,735,0.008481669839190561,True,True,True,,False
740,740,0.006394467352924373,True,True,True,,False
745,745,0.00746737505834544,True,True,True,,False
750,750,0.007495747273204657,True,True,True,,False
755,755,0.006916997751404822,True,True,True,,False
760,760,0.008405279275388875,True,True,True,,False
765,765,0.008764476646381364,True,True,True,,False
770,770,0.006983796436386871,True,True,True,,False
775,775,0.008048865355452392,True,True,True,,False
780,780,0.006631804735506663,True,True,True,,False
785,785,0.00754176073829591,True,True,True,,False
790,790,0.006570913639318715,True,True,True,,False
795,795,0.008408887355652645,True,True,True,,False
800,800,0.008692465501456284,True,True,True,,False
805,805,0.0069447644422971,True,True,True,,False
810,810,0.008833542798174974,True,True,True,,False
815,815,0.007722783029717234,True,True,True,,False
820,820,0.007236578939709972,True,True,True,,False
825,825,0.00783480068179081,True,True,True,,False
830,830,0.007622868514285024,True,True,True,,False
835,835,0.008885117851946626,True,True,True,,False
840,840,0.008000274618799706,True,True,True,,False
845,845,0.009063353711902497,True,True,True,,False
850,850,0.007654442542350328,True,True,True,,False
855,855,0.008757744126322365,True,True,True,,False
860,860,0.008682136198739133,True,True,True,,False
865,865,0.008658705759774702,True,True,True,,False
870,870,0.0069699314044314115,True,True,True,,False
875,875,0.00749894748138628,True,True,True,,False
880,880,0.008798016772543158,True,True,True,,False
885,885,0.008185733641695494,True,True,True,,False
890,890,0.00649709532946252,True,True,True,,False
895,895,0.006732435016788938,True,True,True,,False
