chunk_id,core_start_utc,core_end_utc,read_start_utc,read_end_utc,raw_sample_count,target_core_sample_count,sampled_channel_count,source_file_count,source_files,raw_missing_fraction,maximum_raw_sample_interval_s,maximum_timestamp_uniformity_residual_s,unit,status
das_chunk_001,2025-01-20T04:54:45.000Z,2025-01-20T04:59:45.000Z,2025-01-20T04:54:45.000Z,2025-01-20T05:00:00.000Z,157500,30000,180,6,/oak/stanford/groups/ettore88/data/SAFOD/SAFODAS1-harddrive-transfer/recording_2024-11-20T202704Z/SAFOD-Zumberge-16mGL-500HzFs_2025-01-20T045406Z.h5;/oak/stanford/groups/ettore88/data/SAFOD/SAFODAS1-harddrive-transfer/recording_2024-11-20T202704Z/SAFOD-Zumberge-16mGL-500HzFs_2025-01-20T045506Z.h5;/oak/stanford/groups/ettore88/data/SAFOD/SAFODAS1-harddrive-transfer/recording_2024-11-20T202704Z/SAFOD-Zumberge-16mGL-500HzFs_2025-01-20T045606Z.h5;/oak/stanford/groups/ettore88/data/SAFOD/SAFODAS1-harddrive-transfer/recording_2024-11-20T202704Z/SAFOD-Zumberge-16mGL-500HzFs_2025-01-20T045706Z.h5;/oak/stanford/groups/ettore88/data/SAFOD/SAFODAS1-harddrive-transfer/recording_2024-11-20T202704Z/SAFOD-Zumberge-16mGL-500HzFs_2025-01-20T045806Z.h5;/oak/stanford/groups/ettore88/data/SAFOD/SAFODAS1-harddrive-transfer/recording_2024-11-20T202704Z/SAFOD-Zumberge-16mGL-500HzFs_2025-01-20T045906Z.h5,0.0,0.002000093460083008,1.4495849609379163e-07,processed_optical_phase_rad,PASS
das_chunk_002,2025-01-20T04:59:45.000Z,2025-01-20T05:04:45.000Z,2025-01-20T04:59:30.000Z,2025-01-20T05:05:00.000Z,165000,30000,180,6,/oak/stanford/groups/ettore88/data/SAFOD/SAFODAS1-harddrive-transfer/recording_2024-11-20T202704Z/SAFOD-Zumberge-16mGL-500HzFs_2025-01-20T045906Z.h5;/oak/stanford/groups/ettore88/data/SAFOD/SAFODAS1-harddrive-transfer/recording_2024-11-20T202704Z/SAFOD-Zumberge-16mGL-500HzFs_2025-01-20T050006Z.h5;/oak/stanford/groups/ettore88/data/SAFOD/SAFODAS1-harddrive-transfer/recording_2024-11-20T202704Z/SAFOD-Zumberge-16mGL-500HzFs_2025-01-20T050106Z.h5;/oak/stanford/groups/ettore88/data/SAFOD/SAFODAS1-harddrive-transfer/recording_2024-11-20T202704Z/SAFOD-Zumberge-16mGL-500HzFs_2025-01-20T050206Z.h5;/oak/stanford/groups/ettore88/data/SAFOD/SAFODAS1-harddrive-transfer/recording_2024-11-20T202704Z/SAFOD-Zumberge-16mGL-500HzFs_2025-01-20T050306Z.h5;/oak/stanford/groups/ettore88/data/SAFOD/SAFODAS1-harddrive-transfer/recording_2024-11-20T202704Z/SAFOD-Zumberge-16mGL-500HzFs_2025-01-20T050406Z.h5,0.0,0.002000093460083008,1.4495849609379163e-07,processed_optical_phase_rad,PASS
das_chunk_003,2025-01-20T05:04:45.000Z,2025-01-20T05:09:45.000Z,2025-01-20T05:04:30.000Z,2025-01-20T05:10:00.000Z,165000,30000,180,6,/oak/stanford/groups/ettore88/data/SAFOD/SAFODAS1-harddrive-transfer/recording_2024-11-20T202704Z/SAFOD-Zumberge-16mGL-500HzFs_2025-01-20T050406Z.h5;/oak/stanford/groups/ettore88/data/SAFOD/SAFODAS1-harddrive-transfer/recording_2024-11-20T202704Z/SAFOD-Zumberge-16mGL-500HzFs_2025-01-20T050506Z.h5;/oak/stanford/groups/ettore88/data/SAFOD/SAFODAS1-harddrive-transfer/recording_2024-11-20T202704Z/SAFOD-Zumberge-16mGL-500HzFs_2025-01-20T050606Z.h5;/oak/stanford/groups/ettore88/data/SAFOD/SAFODAS1-harddrive-transfer/recording_2024-11-20T202704Z/SAFOD-Zumberge-16mGL-500HzFs_2025-01-20T050706Z.h5;/oak/stanford/groups/ettore88/data/SAFOD/SAFODAS1-harddrive-transfer/recording_2024-11-20T202704Z/SAFOD-Zumberge-16mGL-500HzFs_2025-01-20T050806Z.h5;/oak/stanford/groups/ettore88/data/SAFOD/SAFODAS1-harddrive-transfer/recording_2024-11-20T202704Z/SAFOD-Zumberge-16mGL-500HzFs_2025-01-20T050906Z.h5,0.0,0.002000093460083008,1.4495849609379163e-07,processed_optical_phase_rad,PASS
das_chunk_004,2025-01-20T05:09:45.000Z,2025-01-20T05:14:45.000Z,2025-01-20T05:09:30.000Z,2025-01-20T05:15:00.000Z,165000,30000,180,6,/oak/stanford/groups/ettore88/data/SAFOD/SAFODAS1-harddrive-transfer/recording_2024-11-20T202704Z/SAFOD-Zumberge-16mGL-500HzFs_2025-01-20T050906Z.h5;/oak/stanford/groups/ettore88/data/SAFOD/SAFODAS1-harddrive-transfer/recording_2024-11-20T202704Z/SAFOD-Zumberge-16mGL-500HzFs_2025-01-20T051006Z.h5;/oak/stanford/groups/ettore88/data/SAFOD/SAFODAS1-harddrive-transfer/recording_2024-11-20T202704Z/SAFOD-Zumberge-16mGL-500HzFs_2025-01-20T051106Z.h5;/oak/stanford/groups/ettore88/data/SAFOD/SAFODAS1-harddrive-transfer/recording_2024-11-20T202704Z/SAFOD-Zumberge-16mGL-500HzFs_2025-01-20T051206Z.h5;/oak/stanford/groups/ettore88/data/SAFOD/SAFODAS1-harddrive-transfer/recording_2024-11-20T202704Z/SAFOD-Zumberge-16mGL-500HzFs_2025-01-20T051306Z.h5;/oak/stanford/groups/ettore88/data/SAFOD/SAFODAS1-harddrive-transfer/recording_2024-11-20T202704Z/SAFOD-Zumberge-16mGL-500HzFs_2025-01-20T051406Z.h5,0.0,0.002000093460083008,1.4495849609379163e-07,processed_optical_phase_rad,PASS
das_chunk_005,2025-01-20T05:14:45.000Z,2025-01-20T05:19:45.000Z,2025-01-20T05:14:30.000Z,2025-01-20T05:20:00.000Z,165000,30000,180,6,/oak/stanford/groups/ettore88/data/SAFOD/SAFODAS1-harddrive-transfer/recording_2024-11-20T202704Z/SAFOD-Zumberge-16mGL-500HzFs_2025-01-20T051406Z.h5;/oak/stanford/groups/ettore88/data/SAFOD/SAFODAS1-harddrive-transfer/recording_2024-11-20T202704Z/SAFOD-Zumberge-16mGL-500HzFs_2025-01-20T051506Z.h5;/oak/stanford/groups/ettore88/data/SAFOD/SAFODAS1-harddrive-transfer/recording_2024-11-20T202704Z/SAFOD-Zumberge-16mGL-500HzFs_2025-01-20T051606Z.h5;/oak/stanford/groups/ettore88/data/SAFOD/SAFODAS1-harddrive-transfer/recording_2024-11-20T202704Z/SAFOD-Zumberge-16mGL-500HzFs_2025-01-20T051706Z.h5;/oak/stanford/groups/ettore88/data/SAFOD/SAFODAS1-harddrive-transfer/recording_2024-11-20T202704Z/SAFOD-Zumberge-16mGL-500HzFs_2025-01-20T051806Z.h5;/oak/stanford/groups/ettore88/data/SAFOD/SAFODAS1-harddrive-transfer/recording_2024-11-20T202704Z/SAFOD-Zumberge-16mGL-500HzFs_2025-01-20T051906Z.h5,0.0,0.002000093460083008,1.4495849609379163e-07,processed_optical_phase_rad,PASS
das_chunk_006,2025-01-20T05:19:45.000Z,2025-01-20T05:24:45.000Z,2025-01-20T05:19:30.000Z,2025-01-20T05:25:00.000Z,165000,30000,180,6,/oak/stanford/groups/ettore88/data/SAFOD/SAFODAS1-harddrive-transfer/recording_2024-11-20T202704Z/SAFOD-Zumberge-16mGL-500HzFs_2025-01-20T051906Z.h5;/oak/stanford/groups/ettore88/data/SAFOD/SAFODAS1-harddrive-transfer/recording_2024-11-20T202704Z/SAFOD-Zumberge-16mGL-500HzFs_2025-01-20T052006Z.h5;/oak/stanford/groups/ettore88/data/SAFOD/SAFODAS1-harddrive-transfer/recording_2024-11-20T202704Z/SAFOD-Zumberge-16mGL-500HzFs_2025-01-20T052106Z.h5;/oak/stanford/groups/ettore88/data/SAFOD/SAFODAS1-harddrive-transfer/recording_2024-11-20T202704Z/SAFOD-Zumberge-16mGL-500HzFs_2025-01-20T052206Z.h5;/oak/stanford/groups/ettore88/data/SAFOD/SAFODAS1-harddrive-transfer/recording_2024-11-20T202704Z/SAFOD-Zumberge-16mGL-500HzFs_2025-01-20T052306Z.h5;/oak/stanford/groups/ettore88/data/SAFOD/SAFODAS1-harddrive-transfer/recording_2024-11-20T202704Z/SAFOD-Zumberge-16mGL-500HzFs_2025-01-20T052406Z.h5,0.0,0.002000093460083008,1.4495849609379163e-07,processed_optical_phase_rad,PASS
das_chunk_007,2025-01-20T05:24:45.000Z,2025-01-20T05:29:45.000Z,2025-01-20T05:24:30.000Z,2025-01-20T05:30:00.000Z,165000,30000,180,6,/oak/stanford/groups/ettore88/data/SAFOD/SAFODAS1-harddrive-transfer/recording_2024-11-20T202704Z/SAFOD-Zumberge-16mGL-500HzFs_2025-01-20T052406Z.h5;/oak/stanford/groups/ettore88/data/SAFOD/SAFODAS1-harddrive-transfer/recording_2024-11-20T202704Z/SAFOD-Zumberge-16mGL-500HzFs_2025-01-20T052506Z.h5;/oak/stanford/groups/ettore88/data/SAFOD/SAFODAS1-harddrive-transfer/recording_2024-11-20T202704Z/SAFOD-Zumberge-16mGL-500HzFs_2025-01-20T052606Z.h5;/oak/stanford/groups/ettore88/data/SAFOD/SAFODAS1-harddrive-transfer/recording_2024-11-20T202704Z/SAFOD-Zumberge-16mGL-500HzFs_2025-01-20T052706Z.h5;/oak/stanford/groups/ettore88/data/SAFOD/SAFODAS1-harddrive-transfer/recording_2024-11-20T202704Z/SAFOD-Zumberge-16mGL-500HzFs_2025-01-20T052806Z.h5;/oak/stanford/groups/ettore88/data/SAFOD/SAFODAS1-harddrive-transfer/recording_2024-11-20T202704Z/SAFOD-Zumberge-16mGL-500HzFs_2025-01-20T052906Z.h5,0.0,0.002000093460083008,1.4495849609379163e-07,processed_optical_phase_rad,PASS
das_chunk_008,2025-01-20T05:29:45.000Z,2025-01-20T05:34:45.000Z,2025-01-20T05:29:30.000Z,2025-01-20T05:35:00.000Z,165000,30000,180,6,/oak/stanford/groups/ettore88/data/SAFOD/SAFODAS1-harddrive-transfer/recording_2024-11-20T202704Z/SAFOD-Zumberge-16mGL-500HzFs_2025-01-20T052906Z.h5;/oak/stanford/groups/ettore88/data/SAFOD/SAFODAS1-harddrive-transfer/recording_2024-11-20T202704Z/SAFOD-Zumberge-16mGL-500HzFs_2025-01-20T053006Z.h5;/oak/stanford/groups/ettore88/data/SAFOD/SAFODAS1-harddrive-transfer/recording_2024-11-20T202704Z/SAFOD-Zumberge-16mGL-500HzFs_2025-01-20T053106Z.h5;/oak/stanford/groups/ettore88/data/SAFOD/SAFODAS1-harddrive-transfer/recording_2024-11-20T202704Z/SAFOD-Zumberge-16mGL-500HzFs_2025-01-20T053206Z.h5;/oak/stanford/groups/ettore88/data/SAFOD/SAFODAS1-harddrive-transfer/recording_2024-11-20T202704Z/SAFOD-Zumberge-16mGL-500HzFs_2025-01-20T053306Z.h5;/oak/stanford/groups/ettore88/data/SAFOD/SAFODAS1-harddrive-transfer/recording_2024-11-20T202704Z/SAFOD-Zumberge-16mGL-500HzFs_2025-01-20T053406Z.h5,0.0,0.002000093460083008,1.4495849609379163e-07,processed_optical_phase_rad,PASS
das_chunk_009,2025-01-20T05:34:45.000Z,2025-01-20T05:39:45.000Z,2025-01-20T05:34:30.000Z,2025-01-20T05:40:00.000Z,165000,30000,180,6,/oak/stanford/groups/ettore88/data/SAFOD/SAFODAS1-harddrive-transfer/recording_2024-11-20T202704Z/SAFOD-Zumberge-16mGL-500HzFs_2025-01-20T053406Z.h5;/oak/stanford/groups/ettore88/data/SAFOD/SAFODAS1-harddrive-transfer/recording_2024-11-20T202704Z/SAFOD-Zumberge-16mGL-500HzFs_2025-01-20T053506Z.h5;/oak/stanford/groups/ettore88/data/SAFOD/SAFODAS1-harddrive-transfer/recording_2024-11-20T202704Z/SAFOD-Zumberge-16mGL-500HzFs_2025-01-20T053606Z.h5;/oak/stanford/groups/ettore88/data/SAFOD/SAFODAS1-harddrive-transfer/recording_2024-11-20T202704Z/SAFOD-Zumberge-16mGL-500HzFs_2025-01-20T053706Z.h5;/oak/stanford/groups/ettore88/data/SAFOD/SAFODAS1-harddrive-transfer/recording_2024-11-20T202704Z/SAFOD-Zumberge-16mGL-500HzFs_2025-01-20T053806Z.h5;/oak/stanford/groups/ettore88/data/SAFOD/SAFODAS1-harddrive-transfer/recording_2024-11-20T202704Z/SAFOD-Zumberge-16mGL-500HzFs_2025-01-20T053906Z.h5,0.0,0.002000093460083008,1.4495849609379163e-07,processed_optical_phase_rad,PASS
das_chunk_010,2025-01-20T05:39:45.000Z,2025-01-20T05:44:45.000Z,2025-01-20T05:39:30.000Z,2025-01-20T05:45:00.000Z,165000,30000,180,6,/oak/stanford/groups/ettore88/data/SAFOD/SAFODAS1-harddrive-transfer/recording_2024-11-20T202704Z/SAFOD-Zumberge-16mGL-500HzFs_2025-01-20T053906Z.h5;/oak/stanford/groups/ettore88/data/SAFOD/SAFODAS1-harddrive-transfer/recording_2024-11-20T202704Z/SAFOD-Zumberge-16mGL-500HzFs_2025-01-20T054006Z.h5;/oak/stanford/groups/ettore88/data/SAFOD/SAFODAS1-harddrive-transfer/recording_2024-11-20T202704Z/SAFOD-Zumberge-16mGL-500HzFs_2025-01-20T054106Z.h5;/oak/stanford/groups/ettore88/data/SAFOD/SAFODAS1-harddrive-transfer/recording_2024-11-20T202704Z/SAFOD-Zumberge-16mGL-500HzFs_2025-01-20T054206Z.h5;/oak/stanford/groups/ettore88/data/SAFOD/SAFODAS1-harddrive-transfer/recording_2024-11-20T202704Z/SAFOD-Zumberge-16mGL-500HzFs_2025-01-20T054306Z.h5;/oak/stanford/groups/ettore88/data/SAFOD/SAFODAS1-harddrive-transfer/recording_2024-11-20T202704Z/SAFOD-Zumberge-16mGL-500HzFs_2025-01-20T054406Z.h5,0.0,0.002000093460083008,1.4495849609379163e-07,processed_optical_phase_rad,PASS
das_chunk_011,2025-01-20T05:44:45.000Z,2025-01-20T05:45:15.000Z,2025-01-20T05:44:30.000Z,2025-01-20T05:45:15.000Z,22500,3000,180,2,/oak/stanford/groups/ettore88/data/SAFOD/SAFODAS1-harddrive-transfer/recording_2024-11-20T202704Z/SAFOD-Zumberge-16mGL-500HzFs_2025-01-20T054406Z.h5;/oak/stanford/groups/ettore88/data/SAFOD/SAFODAS1-harddrive-transfer/recording_2024-11-20T202704Z/SAFOD-Zumberge-16mGL-500HzFs_2025-01-20T054506Z.h5,0.0,0.002000093460083008,1.4495849609379163e-07,processed_optical_phase_rad,PASS
