selection_index,path,manifest_start_utc,manifest_end_utc,sample_rate_hz,channel_count,gauge_length_m,file_exists,size_bytes,selection_basis,hdf5_file_opened,hdf5_dataset_opened
1,/oak/stanford/groups/ettore88/data/SAFOD/SAFODAS1-harddrive-transfer/recording_2024-11-20T202704Z/SAFOD-Zumberge-16mGL-500HzFs_2025-01-20T045406Z.h5,2025-01-20T04:54:06.083Z,2025-01-20T04:55:06.081Z,500.0,900,16.335237503051758,True,35349233,primary_configuration_and_padded_interval_only,False,False
2,/oak/stanford/groups/ettore88/data/SAFOD/SAFODAS1-harddrive-transfer/recording_2024-11-20T202704Z/SAFOD-Zumberge-16mGL-500HzFs_2025-01-20T045506Z.h5,2025-01-20T04:55:06.083Z,2025-01-20T04:56:06.081Z,500.0,900,16.335237503051758,True,35446593,primary_configuration_and_padded_interval_only,False,False
3,/oak/stanford/groups/ettore88/data/SAFOD/SAFODAS1-harddrive-transfer/recording_2024-11-20T202704Z/SAFOD-Zumberge-16mGL-500HzFs_2025-01-20T045606Z.h5,2025-01-20T04:56:06.083Z,2025-01-20T04:57:06.081Z,500.0,900,16.335237503051758,True,35280767,primary_configuration_and_padded_interval_only,False,False
4,/oak/stanford/groups/ettore88/data/SAFOD/SAFODAS1-harddrive-transfer/recording_2024-11-20T202704Z/SAFOD-Zumberge-16mGL-500HzFs_2025-01-20T045706Z.h5,2025-01-20T04:57:06.083Z,2025-01-20T04:58:06.081Z,500.0,900,16.335237503051758,True,35291787,primary_configuration_and_padded_interval_only,False,False
5,/oak/stanford/groups/ettore88/data/SAFOD/SAFODAS1-harddrive-transfer/recording_2024-11-20T202704Z/SAFOD-Zumberge-16mGL-500HzFs_2025-01-20T045806Z.h5,2025-01-20T04:58:06.083Z,2025-01-20T04:59:06.081Z,500.0,900,16.335237503051758,True,35375801,primary_configuration_and_padded_interval_only,False,False
6,/oak/stanford/groups/ettore88/data/SAFOD/SAFODAS1-harddrive-transfer/recording_2024-11-20T202704Z/SAFOD-Zumberge-16mGL-500HzFs_2025-01-20T045906Z.h5,2025-01-20T04:59:06.083Z,2025-01-20T05:00:06.081Z,500.0,900,16.335237503051758,True,35405526,primary_configuration_and_padded_interval_only,False,False
7,/oak/stanford/groups/ettore88/data/SAFOD/SAFODAS1-harddrive-transfer/recording_2024-11-20T202704Z/SAFOD-Zumberge-16mGL-500HzFs_2025-01-20T050006Z.h5,2025-01-20T05:00:06.083Z,2025-01-20T05:01:06.081Z,500.0,900,16.335237503051758,True,35329193,primary_configuration_and_padded_interval_only,False,False
8,/oak/stanford/groups/ettore88/data/SAFOD/SAFODAS1-harddrive-transfer/recording_2024-11-20T202704Z/SAFOD-Zumberge-16mGL-500HzFs_2025-01-20T050106Z.h5,2025-01-20T05:01:06.083Z,2025-01-20T05:02:06.081Z,500.0,900,16.335237503051758,True,35204357,primary_configuration_and_padded_interval_only,False,False
9,/oak/stanford/groups/ettore88/data/SAFOD/SAFODAS1-harddrive-transfer/recording_2024-11-20T202704Z/SAFOD-Zumberge-16mGL-500HzFs_2025-01-20T050206Z.h5,2025-01-20T05:02:06.083Z,2025-01-20T05:03:06.081Z,500.0,900,16.335237503051758,True,35286982,primary_configuration_and_padded_interval_only,False,False
10,/oak/stanford/groups/ettore88/data/SAFOD/SAFODAS1-harddrive-transfer/recording_2024-11-20T202704Z/SAFOD-Zumberge-16mGL-500HzFs_2025-01-20T050306Z.h5,2025-01-20T05:03:06.083Z,2025-01-20T05:04:06.081Z,500.0,900,16.335237503051758,True,35129085,primary_configuration_and_padded_interval_only,False,False
11,/oak/stanford/groups/ettore88/data/SAFOD/SAFODAS1-harddrive-transfer/recording_2024-11-20T202704Z/SAFOD-Zumberge-16mGL-500HzFs_2025-01-20T050406Z.h5,2025-01-20T05:04:06.083Z,2025-01-20T05:05:06.081Z,500.0,900,16.335237503051758,True,35282034,primary_configuration_and_padded_interval_only,False,False
12,/oak/stanford/groups/ettore88/data/SAFOD/SAFODAS1-harddrive-transfer/recording_2024-11-20T202704Z/SAFOD-Zumberge-16mGL-500HzFs_2025-01-20T050506Z.h5,2025-01-20T05:05:06.083Z,2025-01-20T05:06:06.081Z,500.0,900,16.335237503051758,True,34998834,primary_configuration_and_padded_interval_only,False,False
13,/oak/stanford/groups/ettore88/data/SAFOD/SAFODAS1-harddrive-transfer/recording_2024-11-20T202704Z/SAFOD-Zumberge-16mGL-500HzFs_2025-01-20T050606Z.h5,2025-01-20T05:06:06.083Z,2025-01-20T05:07:06.081Z,500.0,900,16.335237503051758,True,34831974,primary_configuration_and_padded_interval_only,False,False
14,/oak/stanford/groups/ettore88/data/SAFOD/SAFODAS1-harddrive-transfer/recording_2024-11-20T202704Z/SAFOD-Zumberge-16mGL-500HzFs_2025-01-20T050706Z.h5,2025-01-20T05:07:06.083Z,2025-01-20T05:08:06.081Z,500.0,900,16.335237503051758,True,34995852,primary_configuration_and_padded_interval_only,False,False
15,/oak/stanford/groups/ettore88/data/SAFOD/SAFODAS1-harddrive-transfer/recording_2024-11-20T202704Z/SAFOD-Zumberge-16mGL-500HzFs_2025-01-20T050806Z.h5,2025-01-20T05:08:06.083Z,2025-01-20T05:09:06.081Z,500.0,900,16.335237503051758,True,35129287,primary_configuration_and_padded_interval_only,False,False
16,/oak/stanford/groups/ettore88/data/SAFOD/SAFODAS1-harddrive-transfer/recording_2024-11-20T202704Z/SAFOD-Zumberge-16mGL-500HzFs_2025-01-20T050906Z.h5,2025-01-20T05:09:06.083Z,2025-01-20T05:10:06.081Z,500.0,900,16.335237503051758,True,34905837,primary_configuration_and_padded_interval_only,False,False
17,/oak/stanford/groups/ettore88/data/SAFOD/SAFODAS1-harddrive-transfer/recording_2024-11-20T202704Z/SAFOD-Zumberge-16mGL-500HzFs_2025-01-20T051006Z.h5,2025-01-20T05:10:06.083Z,2025-01-20T05:11:06.081Z,500.0,900,16.335237503051758,True,35431700,primary_configuration_and_padded_interval_only,False,False
18,/oak/stanford/groups/ettore88/data/SAFOD/SAFODAS1-harddrive-transfer/recording_2024-11-20T202704Z/SAFOD-Zumberge-16mGL-500HzFs_2025-01-20T051106Z.h5,2025-01-20T05:11:06.083Z,2025-01-20T05:12:06.081Z,500.0,900,16.335237503051758,True,35195109,primary_configuration_and_padded_interval_only,False,False
19,/oak/stanford/groups/ettore88/data/SAFOD/SAFODAS1-harddrive-transfer/recording_2024-11-20T202704Z/SAFOD-Zumberge-16mGL-500HzFs_2025-01-20T051206Z.h5,2025-01-20T05:12:06.083Z,2025-01-20T05:13:06.081Z,500.0,900,16.335237503051758,True,35129839,primary_configuration_and_padded_interval_only,False,False
20,/oak/stanford/groups/ettore88/data/SAFOD/SAFODAS1-harddrive-transfer/recording_2024-11-20T202704Z/SAFOD-Zumberge-16mGL-500HzFs_2025-01-20T051306Z.h5,2025-01-20T05:13:06.083Z,2025-01-20T05:14:06.081Z,500.0,900,16.335237503051758,True,35108483,primary_configuration_and_padded_interval_only,False,False
21,/oak/stanford/groups/ettore88/data/SAFOD/SAFODAS1-harddrive-transfer/recording_2024-11-20T202704Z/SAFOD-Zumberge-16mGL-500HzFs_2025-01-20T051406Z.h5,2025-01-20T05:14:06.083Z,2025-01-20T05:15:06.081Z,500.0,900,16.335237503051758,True,35284009,primary_configuration_and_padded_interval_only,False,False
22,/oak/stanford/groups/ettore88/data/SAFOD/SAFODAS1-harddrive-transfer/recording_2024-11-20T202704Z/SAFOD-Zumberge-16mGL-500HzFs_2025-01-20T051506Z.h5,2025-01-20T05:15:06.083Z,2025-01-20T05:16:06.081Z,500.0,900,16.335237503051758,True,35474591,primary_configuration_and_padded_interval_only,False,False
23,/oak/stanford/groups/ettore88/data/SAFOD/SAFODAS1-harddrive-transfer/recording_2024-11-20T202704Z/SAFOD-Zumberge-16mGL-500HzFs_2025-01-20T051606Z.h5,2025-01-20T05:16:06.083Z,2025-01-20T05:17:06.081Z,500.0,900,16.335237503051758,True,35526925,primary_configuration_and_padded_interval_only,False,False
24,/oak/stanford/groups/ettore88/data/SAFOD/SAFODAS1-harddrive-transfer/recording_2024-11-20T202704Z/SAFOD-Zumberge-16mGL-500HzFs_2025-01-20T051706Z.h5,2025-01-20T05:17:06.083Z,2025-01-20T05:18:06.081Z,500.0,900,16.335237503051758,True,35191592,primary_configuration_and_padded_interval_only,False,False
25,/oak/stanford/groups/ettore88/data/SAFOD/SAFODAS1-harddrive-transfer/recording_2024-11-20T202704Z/SAFOD-Zumberge-16mGL-500HzFs_2025-01-20T051806Z.h5,2025-01-20T05:18:06.083Z,2025-01-20T05:19:06.081Z,500.0,900,16.335237503051758,True,35372073,primary_configuration_and_padded_interval_only,False,False
26,/oak/stanford/groups/ettore88/data/SAFOD/SAFODAS1-harddrive-transfer/recording_2024-11-20T202704Z/SAFOD-Zumberge-16mGL-500HzFs_2025-01-20T051906Z.h5,2025-01-20T05:19:06.083Z,2025-01-20T05:20:06.081Z,500.0,900,16.335237503051758,True,35145497,primary_configuration_and_padded_interval_only,False,False
27,/oak/stanford/groups/ettore88/data/SAFOD/SAFODAS1-harddrive-transfer/recording_2024-11-20T202704Z/SAFOD-Zumberge-16mGL-500HzFs_2025-01-20T052006Z.h5,2025-01-20T05:20:06.083Z,2025-01-20T05:21:06.081Z,500.0,900,16.335237503051758,True,35055572,primary_configuration_and_padded_interval_only,False,False
28,/oak/stanford/groups/ettore88/data/SAFOD/SAFODAS1-harddrive-transfer/recording_2024-11-20T202704Z/SAFOD-Zumberge-16mGL-500HzFs_2025-01-20T052106Z.h5,2025-01-20T05:21:06.083Z,2025-01-20T05:22:06.081Z,500.0,900,16.335237503051758,True,35175130,primary_configuration_and_padded_interval_only,False,False
29,/oak/stanford/groups/ettore88/data/SAFOD/SAFODAS1-harddrive-transfer/recording_2024-11-20T202704Z/SAFOD-Zumberge-16mGL-500HzFs_2025-01-20T052206Z.h5,2025-01-20T05:22:06.083Z,2025-01-20T05:23:06.081Z,500.0,900,16.335237503051758,True,35468197,primary_configuration_and_padded_interval_only,False,False
30,/oak/stanford/groups/ettore88/data/SAFOD/SAFODAS1-harddrive-transfer/recording_2024-11-20T202704Z/SAFOD-Zumberge-16mGL-500HzFs_2025-01-20T052306Z.h5,2025-01-20T05:23:06.083Z,2025-01-20T05:24:06.081Z,500.0,900,16.335237503051758,True,35047970,primary_configuration_and_padded_interval_only,False,False
31,/oak/stanford/groups/ettore88/data/SAFOD/SAFODAS1-harddrive-transfer/recording_2024-11-20T202704Z/SAFOD-Zumberge-16mGL-500HzFs_2025-01-20T052406Z.h5,2025-01-20T05:24:06.083Z,2025-01-20T05:25:06.081Z,500.0,900,16.335237503051758,True,36330682,primary_configuration_and_padded_interval_only,False,False
32,/oak/stanford/groups/ettore88/data/SAFOD/SAFODAS1-harddrive-transfer/recording_2024-11-20T202704Z/SAFOD-Zumberge-16mGL-500HzFs_2025-01-20T052506Z.h5,2025-01-20T05:25:06.083Z,2025-01-20T05:26:06.081Z,500.0,900,16.335237503051758,True,35019884,primary_configuration_and_padded_interval_only,False,False
33,/oak/stanford/groups/ettore88/data/SAFOD/SAFODAS1-harddrive-transfer/recording_2024-11-20T202704Z/SAFOD-Zumberge-16mGL-500HzFs_2025-01-20T052606Z.h5,2025-01-20T05:26:06.083Z,2025-01-20T05:27:06.081Z,500.0,900,16.335237503051758,True,35023265,primary_configuration_and_padded_interval_only,False,False
34,/oak/stanford/groups/ettore88/data/SAFOD/SAFODAS1-harddrive-transfer/recording_2024-11-20T202704Z/SAFOD-Zumberge-16mGL-500HzFs_2025-01-20T052706Z.h5,2025-01-20T05:27:06.083Z,2025-01-20T05:28:06.081Z,500.0,900,16.335237503051758,True,35090041,primary_configuration_and_padded_interval_only,False,False
35,/oak/stanford/groups/ettore88/data/SAFOD/SAFODAS1-harddrive-transfer/recording_2024-11-20T202704Z/SAFOD-Zumberge-16mGL-500HzFs_2025-01-20T052806Z.h5,2025-01-20T05:28:06.083Z,2025-01-20T05:29:06.081Z,500.0,900,16.335237503051758,True,35144980,primary_configuration_and_padded_interval_only,False,False
36,/oak/stanford/groups/ettore88/data/SAFOD/SAFODAS1-harddrive-transfer/recording_2024-11-20T202704Z/SAFOD-Zumberge-16mGL-500HzFs_2025-01-20T052906Z.h5,2025-01-20T05:29:06.083Z,2025-01-20T05:30:06.081Z,500.0,900,16.335237503051758,True,35503108,primary_configuration_and_padded_interval_only,False,False
37,/oak/stanford/groups/ettore88/data/SAFOD/SAFODAS1-harddrive-transfer/recording_2024-11-20T202704Z/SAFOD-Zumberge-16mGL-500HzFs_2025-01-20T053006Z.h5,2025-01-20T05:30:06.083Z,2025-01-20T05:31:06.081Z,500.0,900,16.335237503051758,True,35225162,primary_configuration_and_padded_interval_only,False,False
38,/oak/stanford/groups/ettore88/data/SAFOD/SAFODAS1-harddrive-transfer/recording_2024-11-20T202704Z/SAFOD-Zumberge-16mGL-500HzFs_2025-01-20T053106Z.h5,2025-01-20T05:31:06.083Z,2025-01-20T05:32:06.081Z,500.0,900,16.335237503051758,True,35191359,primary_configuration_and_padded_interval_only,False,False
39,/oak/stanford/groups/ettore88/data/SAFOD/SAFODAS1-harddrive-transfer/recording_2024-11-20T202704Z/SAFOD-Zumberge-16mGL-500HzFs_2025-01-20T053206Z.h5,2025-01-20T05:32:06.083Z,2025-01-20T05:33:06.081Z,500.0,900,16.335237503051758,True,35122267,primary_configuration_and_padded_interval_only,False,False
40,/oak/stanford/groups/ettore88/data/SAFOD/SAFODAS1-harddrive-transfer/recording_2024-11-20T202704Z/SAFOD-Zumberge-16mGL-500HzFs_2025-01-20T053306Z.h5,2025-01-20T05:33:06.083Z,2025-01-20T05:34:06.081Z,500.0,900,16.335237503051758,True,35013454,primary_configuration_and_padded_interval_only,False,False
41,/oak/stanford/groups/ettore88/data/SAFOD/SAFODAS1-harddrive-transfer/recording_2024-11-20T202704Z/SAFOD-Zumberge-16mGL-500HzFs_2025-01-20T053406Z.h5,2025-01-20T05:34:06.083Z,2025-01-20T05:35:06.081Z,500.0,900,16.335237503051758,True,35226561,primary_configuration_and_padded_interval_only,False,False
42,/oak/stanford/groups/ettore88/data/SAFOD/SAFODAS1-harddrive-transfer/recording_2024-11-20T202704Z/SAFOD-Zumberge-16mGL-500HzFs_2025-01-20T053506Z.h5,2025-01-20T05:35:06.083Z,2025-01-20T05:36:06.081Z,500.0,900,16.335237503051758,True,34912875,primary_configuration_and_padded_interval_only,False,False
43,/oak/stanford/groups/ettore88/data/SAFOD/SAFODAS1-harddrive-transfer/recording_2024-11-20T202704Z/SAFOD-Zumberge-16mGL-500HzFs_2025-01-20T053606Z.h5,2025-01-20T05:36:06.083Z,2025-01-20T05:37:06.081Z,500.0,900,16.335237503051758,True,34874242,primary_configuration_and_padded_interval_only,False,False
44,/oak/stanford/groups/ettore88/data/SAFOD/SAFODAS1-harddrive-transfer/recording_2024-11-20T202704Z/SAFOD-Zumberge-16mGL-500HzFs_2025-01-20T053706Z.h5,2025-01-20T05:37:06.083Z,2025-01-20T05:38:06.081Z,500.0,900,16.335237503051758,True,35124412,primary_configuration_and_padded_interval_only,False,False
45,/oak/stanford/groups/ettore88/data/SAFOD/SAFODAS1-harddrive-transfer/recording_2024-11-20T202704Z/SAFOD-Zumberge-16mGL-500HzFs_2025-01-20T053806Z.h5,2025-01-20T05:38:06.083Z,2025-01-20T05:39:06.081Z,500.0,900,16.335237503051758,True,35264734,primary_configuration_and_padded_interval_only,False,False
46,/oak/stanford/groups/ettore88/data/SAFOD/SAFODAS1-harddrive-transfer/recording_2024-11-20T202704Z/SAFOD-Zumberge-16mGL-500HzFs_2025-01-20T053906Z.h5,2025-01-20T05:39:06.083Z,2025-01-20T05:40:06.081Z,500.0,900,16.335237503051758,True,35427470,primary_configuration_and_padded_interval_only,False,False
47,/oak/stanford/groups/ettore88/data/SAFOD/SAFODAS1-harddrive-transfer/recording_2024-11-20T202704Z/SAFOD-Zumberge-16mGL-500HzFs_2025-01-20T054006Z.h5,2025-01-20T05:40:06.083Z,2025-01-20T05:41:06.081Z,500.0,900,16.335237503051758,True,35561561,primary_configuration_and_padded_interval_only,False,False
48,/oak/stanford/groups/ettore88/data/SAFOD/SAFODAS1-harddrive-transfer/recording_2024-11-20T202704Z/SAFOD-Zumberge-16mGL-500HzFs_2025-01-20T054106Z.h5,2025-01-20T05:41:06.083Z,2025-01-20T05:42:06.081Z,500.0,900,16.335237503051758,True,35365353,primary_configuration_and_padded_interval_only,False,False
49,/oak/stanford/groups/ettore88/data/SAFOD/SAFODAS1-harddrive-transfer/recording_2024-11-20T202704Z/SAFOD-Zumberge-16mGL-500HzFs_2025-01-20T054206Z.h5,2025-01-20T05:42:06.083Z,2025-01-20T05:43:06.081Z,500.0,900,16.335237503051758,True,35502680,primary_configuration_and_padded_interval_only,False,False
50,/oak/stanford/groups/ettore88/data/SAFOD/SAFODAS1-harddrive-transfer/recording_2024-11-20T202704Z/SAFOD-Zumberge-16mGL-500HzFs_2025-01-20T054306Z.h5,2025-01-20T05:43:06.083Z,2025-01-20T05:44:06.081Z,500.0,900,16.335237503051758,True,35313218,primary_configuration_and_padded_interval_only,False,False
51,/oak/stanford/groups/ettore88/data/SAFOD/SAFODAS1-harddrive-transfer/recording_2024-11-20T202704Z/SAFOD-Zumberge-16mGL-500HzFs_2025-01-20T054406Z.h5,2025-01-20T05:44:06.083Z,2025-01-20T05:45:06.081Z,500.0,900,16.335237503051758,True,35334115,primary_configuration_and_padded_interval_only,False,False
52,/oak/stanford/groups/ettore88/data/SAFOD/SAFODAS1-harddrive-transfer/recording_2024-11-20T202704Z/SAFOD-Zumberge-16mGL-500HzFs_2025-01-20T054506Z.h5,2025-01-20T05:45:06.083Z,2025-01-20T05:46:06.081Z,500.0,900,16.335237503051758,True,35153608,primary_configuration_and_padded_interval_only,False,False
