comparison_candidate_id,comparison_time,comparison_epoch_s,comparison_time_basis,comparison_membership,DAS_candidate_id,DAS_trigger_time,DAS_trigger_epoch_s,DAS_coincidence_score,DAS_threshold,DAS_block_support_count_at_declared_ratio,network_union_candidate_id,network_representative_time,network_representative_epoch_s,network_representative_time_basis,network_branch_membership,DAS_minus_network_time_s,matching_rule,catalog_fields_used_in_matching,family_assignment,adjudication_stage,network_known_event_class,network_known_event_id,network_known_event_origin_time,DAS_catalog_association,DAS_catalog_event_id,DAS_catalog_origin_time,DAS_catalog_location_name,DAS_catalog_magnitude,DAS_catalog_horizontal_distance_km,DAS_catalog_path_distance_km,DAS_catalog_observed_delay_s,DAS_catalog_nominal_arrival_s,DAS_catalog_nominal_timing_residual_s,DAS_catalog_plausible_match_count,catalog_event_representative,comparison_class,event_counting_disposition,cross_sensor_known_event_match,eligible_DAS_network_detection_increment_candidate,eligible_catalog_extension_candidate,catalog_conflict
das_network_dev_0001,2025-01-20T04:55:32.801Z,1737348932.8016,DAS_trigger_arrival,DAS_only,das_generic_dev_0001,2025-01-20T04:55:32.801Z,1737348932.8016,1.508638858795166,1.3984489440917969,0,,,,,,,ordered_one_to_one_maximum_cardinality_then_minimum_total_absolute_time_difference,0,not_assigned,post_time_only_comparison_catalog_audit,,,,none,,,,,,,,,,0,,unassociated_raw_DAS_trigger,requires_blind_waveform_and_spatial_morphology_adjudication_not_automatically_an_earthquake,False,False,False,False
das_network_dev_0002,2025-01-20T04:55:53.801Z,1737348953.8016,DAS_trigger_arrival,DAS_only,das_generic_dev_0002,2025-01-20T04:55:53.801Z,1737348953.8016,1.455542802810669,1.3984489440917969,0,,,,,,,ordered_one_to_one_maximum_cardinality_then_minimum_total_absolute_time_difference,0,not_assigned,post_time_only_comparison_catalog_audit,,,,physically_plausible_known_event_arrival,75120091,2025-01-20T04:54:44.600Z,"Navarro Head, CA",1.1,440.44810498320226,440.44821407663113,69.20160007476807,73.40803567943853,-4.20643560467046,1,True,DAS_only_catalog_compatible_regional_arrival,regional_catalog_compatibility_audit_not_local_extension,False,False,False,False
das_network_dev_0003,2025-01-20T04:56:04.751Z,1737348964.7516,DAS_trigger_arrival,DAS_only,das_generic_dev_0003,2025-01-20T04:56:04.751Z,1737348964.7516,1.4877009391784668,1.3984489440917969,0,,,,,,,ordered_one_to_one_maximum_cardinality_then_minimum_total_absolute_time_difference,0,not_assigned,post_time_only_comparison_catalog_audit,,,,physically_plausible_known_event_arrival,75120091,2025-01-20T04:54:44.600Z,"Navarro Head, CA",1.1,440.44810498320226,440.44821407663113,80.15160012245178,73.40803567943853,6.7435644430132555,1,False,secondary_trigger_for_same_catalog_event,retain_trigger_but_do_not_count_additional_event,False,False,False,False
das_network_dev_0004,2025-01-20T04:56:44.401Z,1737349004.4016001,DAS_trigger_arrival,DAS_only,das_generic_dev_0004,2025-01-20T04:56:44.401Z,1737349004.4016001,1.4060853719711304,1.3984489440917969,0,,,,,,,ordered_one_to_one_maximum_cardinality_then_minimum_total_absolute_time_difference,0,not_assigned,post_time_only_comparison_catalog_audit,,,,physically_plausible_known_event_arrival,75120091,2025-01-20T04:54:44.600Z,"Navarro Head, CA",1.1,440.44810498320226,440.44821407663113,119.80160021781921,73.40803567943853,46.39356453838069,1,False,secondary_trigger_for_same_catalog_event,retain_trigger_but_do_not_count_additional_event,False,False,False,False
das_network_dev_0005,2025-01-20T04:57:10.051Z,1737349030.0516,DAS_trigger_arrival,DAS_only,das_generic_dev_0005,2025-01-20T04:57:10.051Z,1737349030.0516,1.4658035039901733,1.3984489440917969,0,,,,,,,ordered_one_to_one_maximum_cardinality_then_minimum_total_absolute_time_difference,0,not_assigned,post_time_only_comparison_catalog_audit,,,,physically_plausible_known_event_arrival,75120091,2025-01-20T04:54:44.600Z,"Navarro Head, CA",1.1,440.44810498320226,440.44821407663113,145.45160007476807,73.40803567943853,72.04356439532954,1,False,secondary_trigger_for_same_catalog_event,retain_trigger_but_do_not_count_additional_event,False,False,False,False
das_network_dev_0006,2025-01-20T04:57:47.301Z,1737349067.3016,DAS_trigger_arrival,DAS_only,das_generic_dev_0006,2025-01-20T04:57:47.301Z,1737349067.3016,1.5182456970214844,1.3984489440917969,0,,,,,,,ordered_one_to_one_maximum_cardinality_then_minimum_total_absolute_time_difference,0,not_assigned,post_time_only_comparison_catalog_audit,,,,none,,,,,,,,,,0,,unassociated_raw_DAS_trigger,requires_blind_waveform_and_spatial_morphology_adjudication_not_automatically_an_earthquake,False,False,False,False
das_network_dev_0007,2025-01-20T04:58:01.601Z,1737349081.6016,DAS_trigger_arrival,DAS_only,das_generic_dev_0007,2025-01-20T04:58:01.601Z,1737349081.6016,1.4665026664733887,1.3984489440917969,0,,,,,,,ordered_one_to_one_maximum_cardinality_then_minimum_total_absolute_time_difference,0,not_assigned,post_time_only_comparison_catalog_audit,,,,none,,,,,,,,,,0,,unassociated_raw_DAS_trigger,requires_blind_waveform_and_spatial_morphology_adjudication_not_automatically_an_earthquake,False,False,False,False
das_network_dev_0008,2025-01-20T04:58:27.601Z,1737349107.6016,DAS_trigger_arrival,DAS_only,das_generic_dev_0008,2025-01-20T04:58:27.601Z,1737349107.6016,1.414867877960205,1.3984489440917969,0,,,,,,,ordered_one_to_one_maximum_cardinality_then_minimum_total_absolute_time_difference,0,not_assigned,post_time_only_comparison_catalog_audit,,,,none,,,,,,,,,,0,,unassociated_raw_DAS_trigger,requires_blind_waveform_and_spatial_morphology_adjudication_not_automatically_an_earthquake,False,False,False,False
das_network_dev_0009,2025-01-20T04:58:55.851Z,1737349135.8516,DAS_trigger_arrival,DAS_only,das_generic_dev_0009,2025-01-20T04:58:55.851Z,1737349135.8516,1.728666067123413,1.3984489440917969,1,,,,,,,ordered_one_to_one_maximum_cardinality_then_minimum_total_absolute_time_difference,0,not_assigned,post_time_only_comparison_catalog_audit,,,,none,,,,,,,,,,0,,unassociated_raw_DAS_trigger,requires_blind_waveform_and_spatial_morphology_adjudication_not_automatically_an_earthquake,False,False,False,False
das_network_dev_0010,2025-01-20T04:59:40.301Z,1737349180.3016,DAS_trigger_arrival,DAS_only,das_generic_dev_0010,2025-01-20T04:59:40.301Z,1737349180.3016,1.4219489097595215,1.3984489440917969,0,,,,,,,ordered_one_to_one_maximum_cardinality_then_minimum_total_absolute_time_difference,0,not_assigned,post_time_only_comparison_catalog_audit,,,,none,,,,,,,,,,0,,unassociated_raw_DAS_trigger,requires_blind_waveform_and_spatial_morphology_adjudication_not_automatically_an_earthquake,False,False,False,False
das_network_dev_0011,2025-01-20T05:00:03.501Z,1737349203.5016,DAS_trigger_arrival,DAS_only,das_generic_dev_0011,2025-01-20T05:00:03.501Z,1737349203.5016,1.4269039630889893,1.3984489440917969,0,,,,,,,ordered_one_to_one_maximum_cardinality_then_minimum_total_absolute_time_difference,0,not_assigned,post_time_only_comparison_catalog_audit,,,,none,,,,,,,,,,0,,unassociated_raw_DAS_trigger,requires_blind_waveform_and_spatial_morphology_adjudication_not_automatically_an_earthquake,False,False,False,False
das_network_dev_0012,2025-01-20T05:01:38.451Z,1737349298.4516,DAS_trigger_arrival,DAS_only,das_generic_dev_0012,2025-01-20T05:01:38.451Z,1737349298.4516,1.4120757579803467,1.3984489440917969,0,,,,,,,ordered_one_to_one_maximum_cardinality_then_minimum_total_absolute_time_difference,0,not_assigned,post_time_only_comparison_catalog_audit,,,,none,,,,,,,,,,0,,unassociated_raw_DAS_trigger,requires_blind_waveform_and_spatial_morphology_adjudication_not_automatically_an_earthquake,False,False,False,False
das_network_dev_0013,2025-01-20T05:03:05.901Z,1737349385.9016001,DAS_trigger_arrival,DAS_only,das_generic_dev_0013,2025-01-20T05:03:05.901Z,1737349385.9016001,1.4180221557617188,1.3984489440917969,0,,,,,,,ordered_one_to_one_maximum_cardinality_then_minimum_total_absolute_time_difference,0,not_assigned,post_time_only_comparison_catalog_audit,,,,none,,,,,,,,,,0,,unassociated_raw_DAS_trigger,requires_blind_waveform_and_spatial_morphology_adjudication_not_automatically_an_earthquake,False,False,False,False
das_network_dev_0014,2025-01-20T05:03:56.501Z,1737349436.5016,DAS_trigger_arrival,DAS_only,das_generic_dev_0014,2025-01-20T05:03:56.501Z,1737349436.5016,1.4114642143249512,1.3984489440917969,0,,,,,,,ordered_one_to_one_maximum_cardinality_then_minimum_total_absolute_time_difference,0,not_assigned,post_time_only_comparison_catalog_audit,,,,none,,,,,,,,,,0,,unassociated_raw_DAS_trigger,requires_blind_waveform_and_spatial_morphology_adjudication_not_automatically_an_earthquake,False,False,False,False
das_network_dev_0015,2025-01-20T05:04:07.951Z,1737349447.9516,DAS_trigger_arrival,DAS_only,das_generic_dev_0015,2025-01-20T05:04:07.951Z,1737349447.9516,1.4090312719345093,1.3984489440917969,0,,,,,,,ordered_one_to_one_maximum_cardinality_then_minimum_total_absolute_time_difference,0,not_assigned,post_time_only_comparison_catalog_audit,,,,none,,,,,,,,,,0,,unassociated_raw_DAS_trigger,requires_blind_waveform_and_spatial_morphology_adjudication_not_automatically_an_earthquake,False,False,False,False
das_network_dev_0016,2025-01-20T05:04:56.701Z,1737349496.7016,DAS_trigger_arrival,DAS_only,das_generic_dev_0016,2025-01-20T05:04:56.701Z,1737349496.7016,1.4202865362167358,1.3984489440917969,0,,,,,,,ordered_one_to_one_maximum_cardinality_then_minimum_total_absolute_time_difference,0,not_assigned,post_time_only_comparison_catalog_audit,,,,none,,,,,,,,,,0,,unassociated_raw_DAS_trigger,requires_blind_waveform_and_spatial_morphology_adjudication_not_automatically_an_earthquake,False,False,False,False
das_network_dev_0017,2025-01-20T05:05:06.451Z,1737349506.4516,DAS_trigger_arrival,DAS_only,das_generic_dev_0017,2025-01-20T05:05:06.451Z,1737349506.4516,1.4208214282989502,1.3984489440917969,0,,,,,,,ordered_one_to_one_maximum_cardinality_then_minimum_total_absolute_time_difference,0,not_assigned,post_time_only_comparison_catalog_audit,,,,none,,,,,,,,,,0,,unassociated_raw_DAS_trigger,requires_blind_waveform_and_spatial_morphology_adjudication_not_automatically_an_earthquake,False,False,False,False
das_network_dev_0018,2025-01-20T05:05:27.451Z,1737349527.4516,DAS_trigger_arrival,DAS_only,das_generic_dev_0018,2025-01-20T05:05:27.451Z,1737349527.4516,1.517554759979248,1.3984489440917969,0,,,,,,,ordered_one_to_one_maximum_cardinality_then_minimum_total_absolute_time_difference,0,not_assigned,post_time_only_comparison_catalog_audit,,,,none,,,,,,,,,,0,,unassociated_raw_DAS_trigger,requires_blind_waveform_and_spatial_morphology_adjudication_not_automatically_an_earthquake,False,False,False,False
das_network_dev_0019,2025-01-20T05:08:07.201Z,1737349687.2016,DAS_trigger_arrival,DAS_only,das_generic_dev_0019,2025-01-20T05:08:07.201Z,1737349687.2016,1.3991260528564453,1.3984489440917969,0,,,,,,,ordered_one_to_one_maximum_cardinality_then_minimum_total_absolute_time_difference,0,not_assigned,post_time_only_comparison_catalog_audit,,,,none,,,,,,,,,,0,,unassociated_raw_DAS_trigger,requires_blind_waveform_and_spatial_morphology_adjudication_not_automatically_an_earthquake,False,False,False,False
das_network_dev_0020,2025-01-20T05:08:34.451Z,1737349714.4516,DAS_trigger_arrival,DAS_only,das_generic_dev_0020,2025-01-20T05:08:34.451Z,1737349714.4516,1.4085392951965332,1.3984489440917969,0,,,,,,,ordered_one_to_one_maximum_cardinality_then_minimum_total_absolute_time_difference,0,not_assigned,post_time_only_comparison_catalog_audit,,,,none,,,,,,,,,,0,,unassociated_raw_DAS_trigger,requires_blind_waveform_and_spatial_morphology_adjudication_not_automatically_an_earthquake,False,False,False,False
das_network_dev_0021,2025-01-20T05:08:48.401Z,1737349728.4016001,DAS_trigger_arrival,DAS_only,das_generic_dev_0021,2025-01-20T05:08:48.401Z,1737349728.4016001,1.4070171117782593,1.3984489440917969,0,,,,,,,ordered_one_to_one_maximum_cardinality_then_minimum_total_absolute_time_difference,0,not_assigned,post_time_only_comparison_catalog_audit,,,,none,,,,,,,,,,0,,unassociated_raw_DAS_trigger,requires_blind_waveform_and_spatial_morphology_adjudication_not_automatically_an_earthquake,False,False,False,False
das_network_dev_0022,2025-01-20T05:09:42.201Z,1737349782.2016,DAS_trigger_arrival,DAS_only,das_generic_dev_0022,2025-01-20T05:09:42.201Z,1737349782.2016,1.4252917766571045,1.3984489440917969,0,,,,,,,ordered_one_to_one_maximum_cardinality_then_minimum_total_absolute_time_difference,0,not_assigned,post_time_only_comparison_catalog_audit,,,,none,,,,,,,,,,0,,unassociated_raw_DAS_trigger,requires_blind_waveform_and_spatial_morphology_adjudication_not_automatically_an_earthquake,False,False,False,False
das_network_dev_0023,2025-01-20T05:11:23.501Z,1737349883.5016,DAS_trigger_arrival,DAS_only,das_generic_dev_0023,2025-01-20T05:11:23.501Z,1737349883.5016,1.4410274028778076,1.3984489440917969,0,,,,,,,ordered_one_to_one_maximum_cardinality_then_minimum_total_absolute_time_difference,0,not_assigned,post_time_only_comparison_catalog_audit,,,,none,,,,,,,,,,0,,unassociated_raw_DAS_trigger,requires_blind_waveform_and_spatial_morphology_adjudication_not_automatically_an_earthquake,False,False,False,False
das_network_dev_0024,2025-01-20T05:12:07.651Z,1737349927.6516001,DAS_trigger_arrival,DAS_only,das_generic_dev_0024,2025-01-20T05:12:07.651Z,1737349927.6516001,1.5363152027130127,1.3984489440917969,0,,,,,,,ordered_one_to_one_maximum_cardinality_then_minimum_total_absolute_time_difference,0,not_assigned,post_time_only_comparison_catalog_audit,,,,none,,,,,,,,,,0,,unassociated_raw_DAS_trigger,requires_blind_waveform_and_spatial_morphology_adjudication_not_automatically_an_earthquake,False,False,False,False
das_network_dev_0025,2025-01-20T05:12:25.551Z,1737349945.5516,DAS_trigger_arrival,DAS_only,das_generic_dev_0025,2025-01-20T05:12:25.551Z,1737349945.5516,1.4507098197937012,1.3984489440917969,1,,,,,,,ordered_one_to_one_maximum_cardinality_then_minimum_total_absolute_time_difference,0,not_assigned,post_time_only_comparison_catalog_audit,,,,none,,,,,,,,,,0,,unassociated_raw_DAS_trigger,requires_blind_waveform_and_spatial_morphology_adjudication_not_automatically_an_earthquake,False,False,False,False
das_network_dev_0026,2025-01-20T05:13:31.051Z,1737350011.0516,DAS_trigger_arrival,DAS_only,das_generic_dev_0026,2025-01-20T05:13:31.051Z,1737350011.0516,1.5593388080596924,1.3984489440917969,0,,,,,,,ordered_one_to_one_maximum_cardinality_then_minimum_total_absolute_time_difference,0,not_assigned,post_time_only_comparison_catalog_audit,,,,none,,,,,,,,,,0,,unassociated_raw_DAS_trigger,requires_blind_waveform_and_spatial_morphology_adjudication_not_automatically_an_earthquake,False,False,False,False
das_network_dev_0027,2025-01-20T05:13:41.651Z,1737350021.6516001,DAS_trigger_arrival,DAS_only,das_generic_dev_0027,2025-01-20T05:13:41.651Z,1737350021.6516001,1.4767944812774658,1.3984489440917969,0,,,,,,,ordered_one_to_one_maximum_cardinality_then_minimum_total_absolute_time_difference,0,not_assigned,post_time_only_comparison_catalog_audit,,,,none,,,,,,,,,,0,,unassociated_raw_DAS_trigger,requires_blind_waveform_and_spatial_morphology_adjudication_not_automatically_an_earthquake,False,False,False,False
das_network_dev_0028,2025-01-20T05:14:13.350Z,1737350053.35,network_representative,network_only,,,,,,,network_union_dev_0001,2025-01-20T05:14:13.350Z,1737350053.35,generic_trigger_arrival,generic_trigger,,ordered_one_to_one_maximum_cardinality_then_minimum_total_absolute_time_difference,0,not_assigned,post_time_only_comparison_catalog_audit,known_regional_arrival_outside_target_region,75120096,2025-01-20T05:13:45.010Z,,,,,,,,,,,,,network_event_not_recovered_by_raw_DAS_v1,network_only_event_preserved_as_DAS_miss,False,False,False,False
das_network_dev_0029,2025-01-20T05:14:50.451Z,1737350090.4516,DAS_trigger_arrival,DAS+network,das_generic_dev_0028,2025-01-20T05:14:50.451Z,1737350090.4516,3.339193344116211,1.3984489440917969,8,network_union_dev_0002,2025-01-20T05:14:48.750Z,1737350088.75,template_origin,template_bank+generic_trigger,1.7016000747680664,ordered_one_to_one_maximum_cardinality_then_minimum_total_absolute_time_difference,0,not_assigned,post_time_only_comparison_catalog_audit,known_target_region_event,75120101,2025-01-20T05:14:48.490Z,physically_plausible_known_event_arrival,75120101,2025-01-20T05:14:48.490Z,"Bradley, CA",1.0,0.10729776174163695,3.9114719492378778,1.9616000652313232,0.6519119915396463,1.309688073691677,2,True,matched_frozen_network_known_target_event,same_event_evidence_not_DAS_catalog_extension,True,False,False,False
das_network_dev_0030,2025-01-20T05:15:54.151Z,1737350154.1516001,DAS_trigger_arrival,DAS_only,das_generic_dev_0029,2025-01-20T05:15:54.151Z,1737350154.1516001,1.4233994483947754,1.3984489440917969,0,,,,,,,ordered_one_to_one_maximum_cardinality_then_minimum_total_absolute_time_difference,0,not_assigned,post_time_only_comparison_catalog_audit,,,,none,,,,,,,,,,0,,unassociated_raw_DAS_trigger,requires_blind_waveform_and_spatial_morphology_adjudication_not_automatically_an_earthquake,False,False,False,False
das_network_dev_0031,2025-01-20T05:16:46.501Z,1737350206.5016,DAS_trigger_arrival,DAS_only,das_generic_dev_0030,2025-01-20T05:16:46.501Z,1737350206.5016,1.639209270477295,1.3984489440917969,0,,,,,,,ordered_one_to_one_maximum_cardinality_then_minimum_total_absolute_time_difference,0,not_assigned,post_time_only_comparison_catalog_audit,,,,none,,,,,,,,,,0,,unassociated_raw_DAS_trigger,requires_blind_waveform_and_spatial_morphology_adjudication_not_automatically_an_earthquake,False,False,False,False
das_network_dev_0032,2025-01-20T05:16:57.301Z,1737350217.3016,DAS_trigger_arrival,DAS_only,das_generic_dev_0031,2025-01-20T05:16:57.301Z,1737350217.3016,1.4325629472732544,1.3984489440917969,0,,,,,,,ordered_one_to_one_maximum_cardinality_then_minimum_total_absolute_time_difference,0,not_assigned,post_time_only_comparison_catalog_audit,,,,none,,,,,,,,,,0,,unassociated_raw_DAS_trigger,requires_blind_waveform_and_spatial_morphology_adjudication_not_automatically_an_earthquake,False,False,False,False
das_network_dev_0033,2025-01-20T05:17:30.351Z,1737350250.3516,DAS_trigger_arrival,DAS_only,das_generic_dev_0032,2025-01-20T05:17:30.351Z,1737350250.3516,1.4093884229660034,1.3984489440917969,0,,,,,,,ordered_one_to_one_maximum_cardinality_then_minimum_total_absolute_time_difference,0,not_assigned,post_time_only_comparison_catalog_audit,,,,none,,,,,,,,,,0,,unassociated_raw_DAS_trigger,requires_blind_waveform_and_spatial_morphology_adjudication_not_automatically_an_earthquake,False,False,False,False
das_network_dev_0034,2025-01-20T05:17:48.051Z,1737350268.0516,DAS_trigger_arrival,DAS_only,das_generic_dev_0033,2025-01-20T05:17:48.051Z,1737350268.0516,1.4682419300079346,1.3984489440917969,0,,,,,,,ordered_one_to_one_maximum_cardinality_then_minimum_total_absolute_time_difference,0,not_assigned,post_time_only_comparison_catalog_audit,,,,none,,,,,,,,,,0,,unassociated_raw_DAS_trigger,requires_blind_waveform_and_spatial_morphology_adjudication_not_automatically_an_earthquake,False,False,False,False
das_network_dev_0035,2025-01-20T05:18:15.851Z,1737350295.8516,DAS_trigger_arrival,DAS_only,das_generic_dev_0034,2025-01-20T05:18:15.851Z,1737350295.8516,1.5636619329452515,1.3984489440917969,0,,,,,,,ordered_one_to_one_maximum_cardinality_then_minimum_total_absolute_time_difference,0,not_assigned,post_time_only_comparison_catalog_audit,,,,none,,,,,,,,,,0,,unassociated_raw_DAS_trigger,requires_blind_waveform_and_spatial_morphology_adjudication_not_automatically_an_earthquake,False,False,False,False
das_network_dev_0036,2025-01-20T05:19:19.351Z,1737350359.3516,DAS_trigger_arrival,DAS_only,das_generic_dev_0035,2025-01-20T05:19:19.351Z,1737350359.3516,1.5830793380737305,1.3984489440917969,0,,,,,,,ordered_one_to_one_maximum_cardinality_then_minimum_total_absolute_time_difference,0,not_assigned,post_time_only_comparison_catalog_audit,,,,physically_plausible_known_event_arrival,75120106,2025-01-20T05:17:36.410Z,"Rio Dell, CA",1.9,575.7214356667247,576.3783233139104,102.94159984588623,96.06305388565174,6.87854596023449,1,True,DAS_only_catalog_compatible_regional_arrival,regional_catalog_compatibility_audit_not_local_extension,False,False,False,False
das_network_dev_0037,2025-01-20T05:19:31.401Z,1737350371.4016001,DAS_trigger_arrival,DAS_only,das_generic_dev_0036,2025-01-20T05:19:31.401Z,1737350371.4016001,1.4032201766967773,1.3984489440917969,0,,,,,,,ordered_one_to_one_maximum_cardinality_then_minimum_total_absolute_time_difference,0,not_assigned,post_time_only_comparison_catalog_audit,,,,physically_plausible_known_event_arrival,75120111,2025-01-20T05:18:36.880Z,"The Geysers, CA",1.2,365.2618122920979,365.2646507929665,54.521600008010864,60.87744179882775,-6.355841790816889,2,True,DAS_only_catalog_compatible_regional_arrival,regional_catalog_compatibility_audit_not_local_extension,False,False,False,False
das_network_dev_0038,2025-01-20T05:19:50.551Z,1737350390.5516,DAS_trigger_arrival,DAS_only,das_generic_dev_0037,2025-01-20T05:19:50.551Z,1737350390.5516,1.498496413230896,1.3984489440917969,0,,,,,,,ordered_one_to_one_maximum_cardinality_then_minimum_total_absolute_time_difference,0,not_assigned,post_time_only_comparison_catalog_audit,,,,physically_plausible_known_event_arrival,75120111,2025-01-20T05:18:36.880Z,"The Geysers, CA",1.2,365.2618122920979,365.2646507929665,73.67159986495972,60.87744179882775,12.794158066131963,2,False,secondary_trigger_for_same_catalog_event,retain_trigger_but_do_not_count_additional_event,False,False,False,False
das_network_dev_0039,2025-01-20T05:20:07.051Z,1737350407.0516,DAS_trigger_arrival,DAS_only,das_generic_dev_0038,2025-01-20T05:20:07.051Z,1737350407.0516,1.4410746097564697,1.3984489440917969,0,,,,,,,ordered_one_to_one_maximum_cardinality_then_minimum_total_absolute_time_difference,0,not_assigned,post_time_only_comparison_catalog_audit,,,,physically_plausible_known_event_arrival,75120111,2025-01-20T05:18:36.880Z,"The Geysers, CA",1.2,365.2618122920979,365.2646507929665,90.17159986495972,60.87744179882775,29.294158066131963,2,False,secondary_trigger_for_same_catalog_event,retain_trigger_but_do_not_count_additional_event,False,False,False,False
das_network_dev_0040,2025-01-20T05:20:42.901Z,1737350442.9016001,DAS_trigger_arrival,DAS_only,das_generic_dev_0039,2025-01-20T05:20:42.901Z,1737350442.9016001,1.4342358112335205,1.3984489440917969,0,,,,,,,ordered_one_to_one_maximum_cardinality_then_minimum_total_absolute_time_difference,0,not_assigned,post_time_only_comparison_catalog_audit,,,,physically_plausible_known_event_arrival,75120111,2025-01-20T05:18:36.880Z,"The Geysers, CA",1.2,365.2618122920979,365.2646507929665,126.02160000801086,60.87744179882775,65.1441582091831,2,False,secondary_trigger_for_same_catalog_event,retain_trigger_but_do_not_count_additional_event,False,False,False,False
das_network_dev_0041,2025-01-20T05:21:35.901Z,1737350495.9016001,DAS_trigger_arrival,DAS_only,das_generic_dev_0040,2025-01-20T05:21:35.901Z,1737350495.9016001,1.6674554347991943,1.3984489440917969,1,,,,,,,ordered_one_to_one_maximum_cardinality_then_minimum_total_absolute_time_difference,0,not_assigned,post_time_only_comparison_catalog_audit,,,,none,,,,,,,,,,0,,unassociated_raw_DAS_trigger,requires_blind_waveform_and_spatial_morphology_adjudication_not_automatically_an_earthquake,False,False,False,False
das_network_dev_0042,2025-01-20T05:22:11.601Z,1737350531.6016,DAS_trigger_arrival,DAS_only,das_generic_dev_0041,2025-01-20T05:22:11.601Z,1737350531.6016,1.6057891845703125,1.3984489440917969,0,,,,,,,ordered_one_to_one_maximum_cardinality_then_minimum_total_absolute_time_difference,0,not_assigned,post_time_only_comparison_catalog_audit,,,,none,,,,,,,,,,0,,unassociated_raw_DAS_trigger,requires_blind_waveform_and_spatial_morphology_adjudication_not_automatically_an_earthquake,False,False,False,False
das_network_dev_0043,2025-01-20T05:22:56.251Z,1737350576.2516,DAS_trigger_arrival,DAS_only,das_generic_dev_0042,2025-01-20T05:22:56.251Z,1737350576.2516,1.4391505718231201,1.3984489440917969,0,,,,,,,ordered_one_to_one_maximum_cardinality_then_minimum_total_absolute_time_difference,0,not_assigned,post_time_only_comparison_catalog_audit,,,,none,,,,,,,,,,0,,unassociated_raw_DAS_trigger,requires_blind_waveform_and_spatial_morphology_adjudication_not_automatically_an_earthquake,False,False,False,False
das_network_dev_0044,2025-01-20T05:24:10.401Z,1737350650.4016001,DAS_trigger_arrival,DAS_only,das_generic_dev_0043,2025-01-20T05:24:10.401Z,1737350650.4016001,1.4066944122314453,1.3984489440917969,0,,,,,,,ordered_one_to_one_maximum_cardinality_then_minimum_total_absolute_time_difference,0,not_assigned,post_time_only_comparison_catalog_audit,,,,none,,,,,,,,,,0,,unassociated_raw_DAS_trigger,requires_blind_waveform_and_spatial_morphology_adjudication_not_automatically_an_earthquake,False,False,False,False
das_network_dev_0045,2025-01-20T05:24:21.001Z,1737350661.0016,DAS_trigger_arrival,DAS_only,das_generic_dev_0044,2025-01-20T05:24:21.001Z,1737350661.0016,1.5176990032196045,1.3984489440917969,0,,,,,,,ordered_one_to_one_maximum_cardinality_then_minimum_total_absolute_time_difference,0,not_assigned,post_time_only_comparison_catalog_audit,,,,none,,,,,,,,,,0,,unassociated_raw_DAS_trigger,requires_blind_waveform_and_spatial_morphology_adjudication_not_automatically_an_earthquake,False,False,False,False
das_network_dev_0046,2025-01-20T05:24:31.001Z,1737350671.0016,DAS_trigger_arrival,DAS+network,das_generic_dev_0045,2025-01-20T05:24:31.001Z,1737350671.0016,4.4272661209106445,1.3984489440917969,10,network_union_dev_0003,2025-01-20T05:24:29.100Z,1737350669.1,template_origin,template_bank+generic_trigger,1.9016001224517822,ordered_one_to_one_maximum_cardinality_then_minimum_total_absolute_time_difference,0,not_assigned,post_time_only_comparison_catalog_audit,known_target_region_event,75120116,2025-01-20T05:24:29.130Z,physically_plausible_known_event_arrival,75120116,2025-01-20T05:24:29.130Z,"Bradley, CA",2.1,0.029792546611089172,4.2701039326734875,1.8715999126434326,0.7116839887789146,1.159915923864518,1,True,matched_frozen_network_known_target_event,same_event_evidence_not_DAS_catalog_extension,True,False,False,False
das_network_dev_0047,2025-01-20T05:25:01.951Z,1737350701.9516,DAS_trigger_arrival,DAS_only,das_generic_dev_0046,2025-01-20T05:25:01.951Z,1737350701.9516,1.4259165525436401,1.3984489440917969,0,,,,,,,ordered_one_to_one_maximum_cardinality_then_minimum_total_absolute_time_difference,0,not_assigned,post_time_only_comparison_catalog_audit,,,,none,,,,,,,,,,0,,unassociated_raw_DAS_trigger,requires_blind_waveform_and_spatial_morphology_adjudication_not_automatically_an_earthquake,False,False,False,False
das_network_dev_0048,2025-01-20T05:26:32.951Z,1737350792.9516,DAS_trigger_arrival,DAS_only,das_generic_dev_0047,2025-01-20T05:26:32.951Z,1737350792.9516,1.433657169342041,1.3984489440917969,0,,,,,,,ordered_one_to_one_maximum_cardinality_then_minimum_total_absolute_time_difference,0,not_assigned,post_time_only_comparison_catalog_audit,,,,none,,,,,,,,,,0,,unassociated_raw_DAS_trigger,requires_blind_waveform_and_spatial_morphology_adjudication_not_automatically_an_earthquake,False,False,False,False
das_network_dev_0049,2025-01-20T05:28:01.101Z,1737350881.1016,DAS_trigger_arrival,DAS_only,das_generic_dev_0048,2025-01-20T05:28:01.101Z,1737350881.1016,1.4549838304519653,1.3984489440917969,0,,,,,,,ordered_one_to_one_maximum_cardinality_then_minimum_total_absolute_time_difference,0,not_assigned,post_time_only_comparison_catalog_audit,,,,none,,,,,,,,,,0,,unassociated_raw_DAS_trigger,requires_blind_waveform_and_spatial_morphology_adjudication_not_automatically_an_earthquake,False,False,False,False
das_network_dev_0050,2025-01-20T05:28:12.301Z,1737350892.3016,DAS_trigger_arrival,DAS_only,das_generic_dev_0049,2025-01-20T05:28:12.301Z,1737350892.3016,1.4142827987670898,1.3984489440917969,0,,,,,,,ordered_one_to_one_maximum_cardinality_then_minimum_total_absolute_time_difference,0,not_assigned,post_time_only_comparison_catalog_audit,,,,none,,,,,,,,,,0,,unassociated_raw_DAS_trigger,requires_blind_waveform_and_spatial_morphology_adjudication_not_automatically_an_earthquake,False,False,False,False
das_network_dev_0051,2025-01-20T05:29:00.701Z,1737350940.7016,DAS_trigger_arrival,DAS_only,das_generic_dev_0050,2025-01-20T05:29:00.701Z,1737350940.7016,1.461658000946045,1.3984489440917969,0,,,,,,,ordered_one_to_one_maximum_cardinality_then_minimum_total_absolute_time_difference,0,not_assigned,post_time_only_comparison_catalog_audit,,,,none,,,,,,,,,,0,,unassociated_raw_DAS_trigger,requires_blind_waveform_and_spatial_morphology_adjudication_not_automatically_an_earthquake,False,False,False,False
das_network_dev_0052,2025-01-20T05:30:54.351Z,1737351054.3516,DAS_trigger_arrival,DAS_only,das_generic_dev_0051,2025-01-20T05:30:54.351Z,1737351054.3516,1.5514159202575684,1.3984489440917969,0,,,,,,,ordered_one_to_one_maximum_cardinality_then_minimum_total_absolute_time_difference,0,not_assigned,post_time_only_comparison_catalog_audit,,,,none,,,,,,,,,,0,,unassociated_raw_DAS_trigger,requires_blind_waveform_and_spatial_morphology_adjudication_not_automatically_an_earthquake,False,False,False,False
das_network_dev_0053,2025-01-20T05:33:08.651Z,1737351188.6516001,DAS_trigger_arrival,DAS_only,das_generic_dev_0052,2025-01-20T05:33:08.651Z,1737351188.6516001,1.4815542697906494,1.3984489440917969,0,,,,,,,ordered_one_to_one_maximum_cardinality_then_minimum_total_absolute_time_difference,0,not_assigned,post_time_only_comparison_catalog_audit,,,,none,,,,,,,,,,0,,unassociated_raw_DAS_trigger,requires_blind_waveform_and_spatial_morphology_adjudication_not_automatically_an_earthquake,False,False,False,False
das_network_dev_0054,2025-01-20T05:33:44.751Z,1737351224.7516,DAS_trigger_arrival,DAS_only,das_generic_dev_0053,2025-01-20T05:33:44.751Z,1737351224.7516,1.453683853149414,1.3984489440917969,0,,,,,,,ordered_one_to_one_maximum_cardinality_then_minimum_total_absolute_time_difference,0,not_assigned,post_time_only_comparison_catalog_audit,,,,none,,,,,,,,,,0,,unassociated_raw_DAS_trigger,requires_blind_waveform_and_spatial_morphology_adjudication_not_automatically_an_earthquake,False,False,False,False
das_network_dev_0055,2025-01-20T05:34:34.051Z,1737351274.0516,DAS_trigger_arrival,DAS_only,das_generic_dev_0054,2025-01-20T05:34:34.051Z,1737351274.0516,1.5513205528259277,1.3984489440917969,0,,,,,,,ordered_one_to_one_maximum_cardinality_then_minimum_total_absolute_time_difference,0,not_assigned,post_time_only_comparison_catalog_audit,,,,none,,,,,,,,,,0,,unassociated_raw_DAS_trigger,requires_blind_waveform_and_spatial_morphology_adjudication_not_automatically_an_earthquake,False,False,False,False
das_network_dev_0056,2025-01-20T05:35:40.251Z,1737351340.2516,DAS_trigger_arrival,DAS_only,das_generic_dev_0055,2025-01-20T05:35:40.251Z,1737351340.2516,1.423763394355774,1.3984489440917969,0,,,,,,,ordered_one_to_one_maximum_cardinality_then_minimum_total_absolute_time_difference,0,not_assigned,post_time_only_comparison_catalog_audit,,,,none,,,,,,,,,,0,,unassociated_raw_DAS_trigger,requires_blind_waveform_and_spatial_morphology_adjudication_not_automatically_an_earthquake,False,False,False,False
das_network_dev_0057,2025-01-20T05:36:47.201Z,1737351407.2016,DAS_trigger_arrival,DAS_only,das_generic_dev_0056,2025-01-20T05:36:47.201Z,1737351407.2016,1.552402138710022,1.3984489440917969,0,,,,,,,ordered_one_to_one_maximum_cardinality_then_minimum_total_absolute_time_difference,0,not_assigned,post_time_only_comparison_catalog_audit,,,,none,,,,,,,,,,0,,unassociated_raw_DAS_trigger,requires_blind_waveform_and_spatial_morphology_adjudication_not_automatically_an_earthquake,False,False,False,False
das_network_dev_0058,2025-01-20T05:38:48.901Z,1737351528.9016001,DAS_trigger_arrival,DAS_only,das_generic_dev_0057,2025-01-20T05:38:48.901Z,1737351528.9016001,1.4364432096481323,1.3984489440917969,0,,,,,,,ordered_one_to_one_maximum_cardinality_then_minimum_total_absolute_time_difference,0,not_assigned,post_time_only_comparison_catalog_audit,,,,none,,,,,,,,,,0,,unassociated_raw_DAS_trigger,requires_blind_waveform_and_spatial_morphology_adjudication_not_automatically_an_earthquake,False,False,False,False
das_network_dev_0059,2025-01-20T05:39:16.351Z,1737351556.3516,DAS_trigger_arrival,DAS_only,das_generic_dev_0058,2025-01-20T05:39:16.351Z,1737351556.3516,1.4062221050262451,1.3984489440917969,0,,,,,,,ordered_one_to_one_maximum_cardinality_then_minimum_total_absolute_time_difference,0,not_assigned,post_time_only_comparison_catalog_audit,,,,none,,,,,,,,,,0,,unassociated_raw_DAS_trigger,requires_blind_waveform_and_spatial_morphology_adjudication_not_automatically_an_earthquake,False,False,False,False
das_network_dev_0060,2025-01-20T05:39:55.501Z,1737351595.5016,DAS_trigger_arrival,DAS_only,das_generic_dev_0059,2025-01-20T05:39:55.501Z,1737351595.5016,1.4983519315719604,1.3984489440917969,0,,,,,,,ordered_one_to_one_maximum_cardinality_then_minimum_total_absolute_time_difference,0,not_assigned,post_time_only_comparison_catalog_audit,,,,none,,,,,,,,,,0,,unassociated_raw_DAS_trigger,requires_blind_waveform_and_spatial_morphology_adjudication_not_automatically_an_earthquake,False,False,False,False
das_network_dev_0061,2025-01-20T05:40:12.351Z,1737351612.3516,DAS_trigger_arrival,DAS_only,das_generic_dev_0060,2025-01-20T05:40:12.351Z,1737351612.3516,1.4028825759887695,1.3984489440917969,0,,,,,,,ordered_one_to_one_maximum_cardinality_then_minimum_total_absolute_time_difference,0,not_assigned,post_time_only_comparison_catalog_audit,,,,none,,,,,,,,,,0,,unassociated_raw_DAS_trigger,requires_blind_waveform_and_spatial_morphology_adjudication_not_automatically_an_earthquake,False,False,False,False
das_network_dev_0062,2025-01-20T05:41:21.401Z,1737351681.4016001,DAS_trigger_arrival,DAS_only,das_generic_dev_0061,2025-01-20T05:41:21.401Z,1737351681.4016001,1.439204454421997,1.3984489440917969,0,,,,,,,ordered_one_to_one_maximum_cardinality_then_minimum_total_absolute_time_difference,0,not_assigned,post_time_only_comparison_catalog_audit,,,,none,,,,,,,,,,0,,unassociated_raw_DAS_trigger,requires_blind_waveform_and_spatial_morphology_adjudication_not_automatically_an_earthquake,False,False,False,False
das_network_dev_0063,2025-01-20T05:41:55.501Z,1737351715.5016,DAS_trigger_arrival,DAS_only,das_generic_dev_0062,2025-01-20T05:41:55.501Z,1737351715.5016,1.4443957805633545,1.3984489440917969,0,,,,,,,ordered_one_to_one_maximum_cardinality_then_minimum_total_absolute_time_difference,0,not_assigned,post_time_only_comparison_catalog_audit,,,,none,,,,,,,,,,0,,unassociated_raw_DAS_trigger,requires_blind_waveform_and_spatial_morphology_adjudication_not_automatically_an_earthquake,False,False,False,False
das_network_dev_0064,2025-01-20T05:42:04.751Z,1737351724.7516,DAS_trigger_arrival,DAS_only,das_generic_dev_0063,2025-01-20T05:42:04.751Z,1737351724.7516,1.4229419231414795,1.3984489440917969,0,,,,,,,ordered_one_to_one_maximum_cardinality_then_minimum_total_absolute_time_difference,0,not_assigned,post_time_only_comparison_catalog_audit,,,,none,,,,,,,,,,0,,unassociated_raw_DAS_trigger,requires_blind_waveform_and_spatial_morphology_adjudication_not_automatically_an_earthquake,False,False,False,False
das_network_dev_0065,2025-01-20T05:42:30.751Z,1737351750.7516,DAS_trigger_arrival,DAS_only,das_generic_dev_0064,2025-01-20T05:42:30.751Z,1737351750.7516,1.4818986654281616,1.3984489440917969,0,,,,,,,ordered_one_to_one_maximum_cardinality_then_minimum_total_absolute_time_difference,0,not_assigned,post_time_only_comparison_catalog_audit,,,,none,,,,,,,,,,0,,unassociated_raw_DAS_trigger,requires_blind_waveform_and_spatial_morphology_adjudication_not_automatically_an_earthquake,False,False,False,False
das_network_dev_0066,2025-01-20T05:43:24.601Z,1737351804.6016,DAS_trigger_arrival,DAS_only,das_generic_dev_0065,2025-01-20T05:43:24.601Z,1737351804.6016,1.4462940692901611,1.3984489440917969,0,,,,,,,ordered_one_to_one_maximum_cardinality_then_minimum_total_absolute_time_difference,0,not_assigned,post_time_only_comparison_catalog_audit,,,,none,,,,,,,,,,0,,unassociated_raw_DAS_trigger,requires_blind_waveform_and_spatial_morphology_adjudication_not_automatically_an_earthquake,False,False,False,False
